{
"type": "FeatureCollection",
"name": "N05-24_RailroadSection2",
"crs": { "type": "name", "properties": { "name": "urn:ogc:def:crs:EPSG::6668" } },
"xy_coordinate_resolution": 1e-09,
"features": [
{ "type": "Feature", 
"properties": { "N05_001": "2", "N05_002": "東北線", "N05_003": "東日本旅客鉄道（旧国鉄）", "N05_004": "1883", "N05_005b": "1968", "N05_005e": "1984", "N05_006": "EB02_12207", "N05_007": null, "N05_008": null, "N05_009": null, "N05_010": null }, 
"geometry": { "type": "LineString", "coordinates": [
    [ 139.775855, 35.71322 ],[ 139.77664, 35.71439 ],[ 139.77764, 35.71551 ],[ 139.77847, 35.71646 ],[ 139.77936, 35.71756 ],[ 139.77962, 35.71797 ],[ 139.7797, 35.71829 ],[ 139.77976, 35.71871 ],[ 139.77972, 35.71905 ],[ 139.77958, 35.71951 ],[ 139.77936, 35.71998 ],[ 139.77916, 35.72034 ],[ 139.77865, 35.72085 ],[ 139.77803, 35.721455 ],[ 139.77741, 35.72206 ],[ 139.77564, 35.7237 ],[ 139.77543, 35.72391 ],[ 139.77509, 35.72423 ],[ 139.77477, 35.72454 ],[ 139.77399, 35.72524 ],[ 139.77347, 35.72566 ],[ 139.77309, 35.72595 ],[ 139.7727, 35.72638 ],[ 139.77239, 35.72665 ],[ 139.77169, 35.72727 ],[ 139.77143, 35.72749 ],[ 139.77074, 35.72808 ],[ 139.77051, 35.72827 ],[ 139.76986, 35.72885 ],[ 139.7693, 35.72944 ],[ 139.76879, 35.73006 ],[ 139.76853, 35.73045 ],[ 139.76777, 35.73157 ],[ 139.76738, 35.73215 ],[ 139.76727, 35.73237 ],[ 139.7672, 35.7325 ],[ 139.7671, 35.73268 ],[ 139.76685, 35.73324 ],[ 139.76625, 35.73461 ],[ 139.76593, 35.73543 ],[ 139.76575, 35.73592 ],[ 139.76543, 35.73682 ],[ 139.76504, 35.73778 ],[ 139.76445, 35.73907 ],[ 139.76401, 35.7399 ],[ 139.76365, 35.74046 ],[ 139.76335, 35.74083 ],[ 139.76327, 35.74093 ],[ 139.76294, 35.74126 ],[ 139.76251, 35.74167 ],[ 139.76207, 35.74201 ],[ 139.76174, 35.74225 ],[ 139.76132, 35.74254 ],[ 139.7612, 35.7426 ],[ 139.76105, 35.74269 ],[ 139.76087, 35.74278 ],[ 139.76014, 35.7432 ],[ 139.7592, 35.74378 ],[ 139.75772, 35.74472 ],[ 139.75648, 35.7455 ],[ 139.75585, 35.74587 ],[ 139.75509, 35.74627 ],[ 139.75401, 35.74677 ],[ 139.753882, 35.746822 ],[ 139.75315, 35.74712 ],[ 139.75265, 35.74732 ],[ 139.75203, 35.74757 ],[ 139.75145, 35.74781 ],[ 139.74981, 35.74846 ],[ 139.74909, 35.74873 ],[ 139.74867, 35.74887 ],[ 139.74796, 35.74904 ],[ 139.74767, 35.74909 ],[ 139.74743, 35.74911 ],[ 139.74732, 35.74912 ],[ 139.74677, 35.74915 ],[ 139.74479, 35.74924 ],[ 139.74378, 35.74932 ],[ 139.74304, 35.74943 ],[ 139.74234, 35.74959 ],[ 139.74171, 35.74979 ],[ 139.74133, 35.74992 ],[ 139.741, 35.75 ],[ 139.74096, 35.75002 ],[ 139.74073, 35.75013 ],[ 139.74034, 35.75035 ],[ 139.74, 35.75053 ],[ 139.73941, 35.75091 ],[ 139.73901, 35.75122 ],[ 139.7386, 35.75162 ],[ 139.73769, 35.75259 ],[ 139.73741, 35.75288 ],[ 139.7371, 35.75323 ],[ 139.73643, 35.75406 ],[ 139.73615, 35.75442 ],[ 139.73564, 35.75512 ],[ 139.73528, 35.75563 ],[ 139.73457, 35.75665 ],[ 139.73415, 35.75729 ],[ 139.73386, 35.75769 ],[ 139.73352, 35.75813 ],[ 139.73325, 35.75844 ],[ 139.73276, 35.75886 ],[ 139.73236, 35.75918 ],[ 139.73186, 35.75955 ],[ 139.73119, 35.76001 ],[ 139.73053, 35.76049 ],[ 139.73, 35.76086 ],[ 139.72963, 35.76113 ],[ 139.72906, 35.76152 ],[ 139.72829, 35.76207 ],[ 139.72786, 35.76246 ],[ 139.72748, 35.76284 ],[ 139.72684, 35.76366 ],[ 139.726718, 35.763829 ],[ 139.72663, 35.76395 ],[ 139.72603, 35.76487 ],[ 139.72539, 35.76602 ],[ 139.725, 35.76677 ],[ 139.72442, 35.76774 ],[ 139.72383, 35.7688 ],[ 139.72342, 35.76952 ],[ 139.72308, 35.7701 ],[ 139.72272, 35.77076 ],[ 139.72239, 35.7715 ],[ 139.72228, 35.77192 ],[ 139.72228, 35.77219 ],[ 139.72234, 35.77265 ],[ 139.72232, 35.77299 ],[ 139.72228, 35.77366 ],[ 139.72226, 35.77443 ],[ 139.72222, 35.77501 ],[ 139.72215, 35.7757 ],[ 139.72203, 35.77612 ],[ 139.72187, 35.7765 ],[ 139.72173, 35.77679 ],[ 139.72158, 35.77707 ],[ 139.72135, 35.77748 ],[ 139.721243, 35.777635 ],[ 139.72111, 35.77783 ],[ 139.72072, 35.77833 ],[ 139.72046, 35.77867 ],[ 139.72015, 35.77916 ],[ 139.71978, 35.77977 ],[ 139.71947, 35.78026 ],[ 139.71919, 35.78075 ],[ 139.71895, 35.78125 ],[ 139.7187, 35.78175 ],[ 139.71817, 35.78277 ],[ 139.71791, 35.78334 ],[ 139.71763, 35.784 ],[ 139.71743, 35.78445 ],[ 139.71723, 35.78499 ],[ 139.71711, 35.7854 ],[ 139.71701, 35.78585 ],[ 139.71699, 35.78615 ],[ 139.71699, 35.78622 ],[ 139.71701, 35.78653 ],[ 139.71702, 35.7866 ],[ 139.71708, 35.78719 ],[ 139.71709, 35.78734 ],[ 139.7172, 35.78835 ],[ 139.71721, 35.78851 ],[ 139.71758, 35.79191 ],[ 139.71789, 35.79469 ],[ 139.71794, 35.7951 ],[ 139.71799, 35.79618 ],[ 139.718, 35.79624 ],[ 139.71805, 35.79654 ],[ 139.71828, 35.79804 ],[ 139.71833, 35.79849 ],[ 139.71832, 35.799 ],[ 139.71824, 35.79971 ],[ 139.71817, 35.80016 ],[ 139.7181, 35.80041 ],[ 139.71793, 35.80093 ],[ 139.71788, 35.80104 ],[ 139.71758, 35.80169 ],[ 139.717499, 35.801824 ],[ 139.71735, 35.80207 ],[ 139.71716, 35.80237 ],[ 139.71698, 35.80267 ],[ 139.71659, 35.80313 ],[ 139.71633, 35.80347 ],[ 139.71588, 35.80393 ],[ 139.71504, 35.80476 ],[ 139.71464, 35.80519 ],[ 139.71366, 35.80612 ],[ 139.7119, 35.80787 ],[ 139.71178, 35.80799 ],[ 139.71016, 35.8096 ],[ 139.70934, 35.81042 ],[ 139.70849, 35.81127 ],[ 139.70769, 35.81208 ],[ 139.70685, 35.81297 ],[ 139.70497, 35.8149 ],[ 139.70436, 35.815515 ],[ 139.70375, 35.81613 ],[ 139.70272, 35.81714 ],[ 139.70227, 35.81759 ],[ 139.7014, 35.81847 ],[ 139.7005, 35.81936 ],[ 139.6998, 35.82007 ],[ 139.69933, 35.8205 ],[ 139.69911, 35.82071 ],[ 139.69895, 35.82083 ],[ 139.6982, 35.8214 ],[ 139.69735, 35.82202 ],[ 139.69653, 35.8226 ],[ 139.69564, 35.82325 ],[ 139.69481, 35.82385 ],[ 139.69402, 35.82445 ],[ 139.69356, 35.82481 ],[ 139.69307, 35.82525 ],[ 139.69254, 35.82577 ],[ 139.69191, 35.82643 ],[ 139.69116, 35.82721 ],[ 139.690415, 35.82793 ],[ 139.68967, 35.82865 ],[ 139.6893, 35.82901 ],[ 139.68769, 35.83059 ],[ 139.68621, 35.83199 ],[ 139.68489, 35.83334 ],[ 139.68335, 35.8349 ],[ 139.68233, 35.83594 ],[ 139.68166, 35.83655 ],[ 139.68073, 35.83737 ],[ 139.68004, 35.83803 ],[ 139.67899, 35.83905 ],[ 139.67817, 35.83984 ],[ 139.67815, 35.83985 ],[ 139.67728, 35.84067 ],[ 139.67641, 35.84149 ],[ 139.67593, 35.84193 ],[ 139.67552, 35.84232 ],[ 139.67518, 35.84262 ],[ 139.67326, 35.84424 ],[ 139.67228, 35.84508 ],[ 139.67092, 35.84623 ],[ 139.67064, 35.84647 ],[ 139.66967, 35.8473 ],[ 139.66955, 35.84741 ],[ 139.66963, 35.84745 ],[ 139.668615, 35.848335 ],[ 139.6676, 35.84922 ],[ 139.66701, 35.84974 ],[ 139.66635, 35.85033 ],[ 139.66555, 35.85101 ],[ 139.66512, 35.85139 ],[ 139.66483, 35.8516 ],[ 139.66454, 35.8518 ],[ 139.66391, 35.85222 ],[ 139.66356, 35.85245 ],[ 139.66322, 35.85267 ],[ 139.662, 35.85358 ],[ 139.66174, 35.85376 ],[ 139.66043, 35.85475 ],[ 139.65945, 35.85555 ],[ 139.65917, 35.85581 ],[ 139.6588, 35.85624 ],[ 139.65845, 35.85665 ],[ 139.6581, 35.85709 ],[ 139.6579, 35.85736 ],[ 139.65775, 35.8576 ],[ 139.65763, 35.85777 ],[ 139.657145, 35.858565 ],[ 139.65666, 35.85936 ],[ 139.65617, 35.86017 ],[ 139.65575, 35.86084 ],[ 139.65551, 35.86123 ],[ 139.65532, 35.86155 ],[ 139.65487, 35.86222 ],[ 139.65392, 35.86365 ],[ 139.65336, 35.86448 ],[ 139.65267, 35.8655 ],[ 139.65231, 35.86603 ],[ 139.65214, 35.86629 ],[ 139.65188, 35.86664 ],[ 139.65158, 35.86691 ],[ 139.65116, 35.86734 ],[ 139.65072, 35.86775 ],[ 139.65002, 35.8684 ],[ 139.64947, 35.86888 ],[ 139.64852, 35.86971 ],[ 139.64652, 35.8715 ],[ 139.64575, 35.8722 ],[ 139.64498, 35.8729 ],[ 139.64423, 35.87356 ],[ 139.64371, 35.87409 ],[ 139.64327, 35.87463 ],[ 139.64307, 35.87494 ],[ 139.64286, 35.8753 ],[ 139.64263, 35.87575 ],[ 139.64247, 35.87611 ],[ 139.64201, 35.87714 ],[ 139.64167, 35.87801 ],[ 139.64108, 35.87941 ],[ 139.64068, 35.88036 ],[ 139.64005, 35.88185 ],[ 139.63971, 35.88269 ],[ 139.63934, 35.88361 ],[ 139.63899, 35.884375 ],[ 139.63864, 35.88514 ],[ 139.63847, 35.88546 ],[ 139.63805, 35.88623 ],[ 139.63757, 35.88706 ],[ 139.63745, 35.88731 ],[ 139.63713, 35.88809 ],[ 139.63679, 35.88883 ],[ 139.63652, 35.88937 ],[ 139.63618, 35.89002 ],[ 139.63591, 35.89049 ],[ 139.63546, 35.89128 ],[ 139.63516, 35.89175 ],[ 139.63472, 35.89241 ],[ 139.6339, 35.893595 ],[ 139.63308, 35.89478 ],[ 139.63259, 35.89546 ],[ 139.63177, 35.89646 ],[ 139.63143, 35.89683 ],[ 139.63143, 35.89684 ],[ 139.63094, 35.89732 ],[ 139.63063, 35.89766 ],[ 139.63006, 35.8982 ],[ 139.62883, 35.8993 ],[ 139.62814, 35.89993 ],[ 139.62785, 35.9002 ],[ 139.62768, 35.90037 ],[ 139.62711, 35.90105 ],[ 139.62668, 35.90163 ],[ 139.625855, 35.902738 ],[ 139.625237, 35.903928 ],[ 139.624843, 35.904889 ] 
    ,
    [ 139.624276, 35.906342 ], [ 139.62383, 35.90782 ], [ 139.62362, 35.90835 ], [ 139.62308, 35.90968 ], [ 139.62287, 35.91022 ], [ 139.62256, 35.91137 ], [ 139.62243, 35.91208 ], [ 139.62232, 35.91235 ], [ 139.62203, 35.91316 ], [ 139.62177, 35.91371 ], [ 139.62094, 35.91586 ], [ 139.6204, 35.91713 ], [ 139.61996, 35.91824 ], [ 139.61943, 35.91965 ], [ 139.61937, 35.91987 ], [ 139.61931, 35.92005 ], [ 139.61839, 35.92244 ], [ 139.61752, 35.92474 ], [ 139.61751, 35.92479 ], [ 139.61743, 35.92502 ], [ 139.61734, 35.92525 ], [ 139.61694, 35.92626 ], [ 139.6166, 35.92753 ], [ 139.61636, 35.92829 ], [ 139.61609, 35.92882 ], [ 139.61555, 35.92982 ], [ 139.61474, 35.93093 ], [ 139.6141, 35.93178 ], [ 139.61309, 35.93299 ], [ 139.6123, 35.93393 ], [ 139.61104, 35.93542 ], [ 139.61082, 35.93573 ], [ 139.61067, 35.93596 ], [ 139.61048, 35.93633 ], [ 139.61033, 35.93668 ], [ 139.61023, 35.93711 ], [ 139.60988, 35.9387 ], [ 139.60984, 35.93886 ], [ 139.60973, 35.93938 ], [ 139.60952, 35.94053 ], [ 139.60931, 35.94168 ], [ 139.60916, 35.94227 ], [ 139.60895, 35.94304 ], [ 139.60868, 35.94374 ], [ 139.60859, 35.94396 ], [ 139.60835, 35.94446 ], [ 139.60804, 35.945 ], [ 139.60788, 35.94527 ], [ 139.60698, 35.94634 ], [ 139.60534, 35.94833 ], [ 139.60429, 35.9496 ], [ 139.60326, 35.95085 ], [ 139.60246, 35.95179 ], [ 139.60222, 35.9521 ], [ 139.60196, 35.95247 ], [ 139.60158, 35.95319 ], [ 139.60116, 35.95415 ], [ 139.60106, 35.95436 ], [ 139.60065, 35.95534 ], [ 139.59968, 35.95767 ], [ 139.59922, 35.95878 ], [ 139.59823, 35.96114 ], [ 139.59798, 35.96172 ], [ 139.59754, 35.96259 ], [ 139.59721, 35.96315 ], [ 139.59677, 35.96376 ], [ 139.59591, 35.96474 ], [ 139.59475, 35.96614 ], [ 139.59246, 35.96875 ], [ 139.59244, 35.96878 ], [ 139.59168, 35.96969 ], [ 139.58981, 35.97185 ], [ 139.58881, 35.97302 ], [ 139.58781, 35.97419 ], [ 139.58593, 35.97641 ], [ 139.58529, 35.97714 ], [ 139.58493, 35.97752 ], [ 139.58451, 35.97798 ], [ 139.58354, 35.97895 ], [ 139.58336, 35.97914 ], [ 139.58282, 35.97969 ], [ 139.5816, 35.98096 ], [ 139.57998, 35.98266 ], [ 139.57863, 35.98405 ], [ 139.577575, 35.98515 ], [ 139.57652, 35.98625 ], [ 139.57555, 35.98726 ], [ 139.57522, 35.9876 ], [ 139.57366, 35.98923 ], [ 139.5719, 35.99102 ], [ 139.5704, 35.9926 ], [ 139.56973, 35.99325 ], [ 139.56863, 35.99428 ], [ 139.56819, 35.99469 ], [ 139.56815, 35.99473 ], [ 139.56767, 35.99517 ], [ 139.56675, 35.99607 ], [ 139.56575, 35.99699 ], [ 139.56515, 35.99758 ], [ 139.564215, 35.998435 ], [ 139.56328, 35.99929 ], [ 139.56094, 36.00151 ], [ 139.55919, 36.00319 ], [ 139.5586, 36.00376 ], [ 139.55836, 36.00396 ], [ 139.55821, 36.00411 ], [ 139.55804, 36.00427 ], [ 139.55786, 36.00443 ], [ 139.55754, 36.00472 ], [ 139.55657, 36.00561 ], [ 139.55643, 36.00574 ], [ 139.55627, 36.00589 ], [ 139.55596, 36.00618 ], [ 139.55566, 36.00645 ], [ 139.5555, 36.0066 ], [ 139.55533, 36.00675 ], [ 139.5549, 36.00715 ], [ 139.55451, 36.00751 ], [ 139.55413, 36.00785 ], [ 139.55404, 36.00794 ], [ 139.55374, 36.00822 ], [ 139.55359, 36.00836 ], [ 139.55346, 36.00848 ], [ 139.55317, 36.00875 ], [ 139.55268, 36.0092 ], [ 139.55191, 36.00992 ], [ 139.55164, 36.01019 ], [ 139.55084, 36.01094 ], [ 139.54943, 36.01228 ], [ 139.54943, 36.01229 ], [ 139.54886, 36.01282 ], [ 139.54849, 36.0132 ], [ 139.54795, 36.01385 ], [ 139.54734, 36.01461 ], [ 139.54706, 36.01493 ], [ 139.547, 36.01501 ], [ 139.54551, 36.01683 ], [ 139.54512, 36.0173 ], [ 139.54422, 36.0184 ], [ 139.5441, 36.01853 ], [ 139.54309, 36.01979 ], [ 139.54227, 36.02081 ], [ 139.54142, 36.02186 ], [ 139.54094, 36.02244 ], [ 139.54067, 36.02277 ], [ 139.54007, 36.02349 ], [ 139.53985, 36.02377 ], [ 139.53968, 36.02396 ], [ 139.5395, 36.02419 ], [ 139.53864, 36.0252 ], [ 139.53791, 36.02605 ], [ 139.53643, 36.0278 ], [ 139.53588, 36.02846 ], [ 139.53572, 36.02869 ], [ 139.5356, 36.02886 ], [ 139.53549, 36.02901 ], [ 139.53495, 36.02981 ], [ 139.53485, 36.02997 ], [ 139.53461, 36.03035 ], [ 139.53448, 36.03059 ], [ 139.533555, 36.032186 ], [ 139.53313, 36.03292 ], [ 139.53261, 36.03377 ], [ 139.5319, 36.03483 ], [ 139.53178, 36.03501 ], [ 139.53169, 36.03516 ], [ 139.53126, 36.0358 ], [ 139.53088, 36.03629 ], [ 139.5305, 36.03673 ], [ 139.52942, 36.03785 ], [ 139.52906, 36.03822 ], [ 139.52859, 36.03872 ], [ 139.52826, 36.03909 ], [ 139.52752, 36.03988 ], [ 139.5271, 36.0403 ], [ 139.52668, 36.04075 ], [ 139.52629, 36.04115 ], [ 139.52606, 36.0414 ], [ 139.52455, 36.04301 ], [ 139.5243, 36.04325 ], [ 139.52412, 36.04345 ], [ 139.52369, 36.04391 ], [ 139.5236, 36.04399 ], [ 139.52319, 36.04443 ], [ 139.52303, 36.0446 ], [ 139.52274, 36.04489 ], [ 139.52182, 36.04584 ], [ 139.52146, 36.0462 ], [ 139.52126, 36.04641 ], [ 139.52114, 36.04654 ], [ 139.52103, 36.04664 ], [ 139.52092, 36.04677 ], [ 139.52074, 36.04694 ], [ 139.52066, 36.04702 ], [ 139.52055, 36.04714 ], [ 139.52044, 36.04725 ], [ 139.5203, 36.0474 ], [ 139.52005, 36.04764 ], [ 139.51975, 36.04794 ], [ 139.51957, 36.04812 ], [ 139.51923, 36.04847 ], [ 139.51913, 36.04856 ], [ 139.51877, 36.04893 ], [ 139.51811, 36.0496 ], [ 139.51743, 36.05027 ], [ 139.51691, 36.0508 ], [ 139.51677, 36.05094 ], [ 139.51648, 36.05124 ], [ 139.5163, 36.05142 ], [ 139.51626, 36.05146 ], [ 139.51592, 36.0518 ], [ 139.51571, 36.05201 ], [ 139.51553, 36.0522 ], [ 139.51453, 36.0532 ], [ 139.51307, 36.05471 ], [ 139.51262, 36.05524 ], [ 139.51256, 36.05533 ], [ 139.51211, 36.05588 ], [ 139.51197, 36.05605 ], [ 139.51183, 36.05623 ], [ 139.51174, 36.05636 ], [ 139.51152, 36.05663 ], [ 139.51136, 36.05685 ], [ 139.51128, 36.05695 ], [ 139.51115, 36.05714 ], [ 139.511, 36.05734 ], [ 139.51091, 36.05746 ], [ 139.51084, 36.05756 ], [ 139.51077, 36.05763 ], [ 139.509585, 36.05924 ], [ 139.5084, 36.06085 ], [ 139.50722, 36.06248 ], [ 139.50556, 36.06475 ], [ 139.50434, 36.0664 ], [ 139.50401, 36.06685 ], [ 139.50374, 36.06722 ], [ 139.50357, 36.06747 ], [ 139.50353, 36.06752 ], [ 139.50344, 36.06764 ], [ 139.50327, 36.06784 ], [ 139.50312, 36.06799 ], [ 139.50306, 36.06804 ], [ 139.50284, 36.06823 ], [ 139.50262, 36.0684 ], [ 139.50252, 36.06847 ], [ 139.50223, 36.06868 ], [ 139.50183, 36.06895 ], [ 139.50015, 36.06996 ], [ 139.50004, 36.07001 ], [ 139.49984, 36.07014 ], [ 139.49887, 36.0707 ], [ 139.49826, 36.07107 ], [ 139.49782, 36.07133 ], [ 139.49678, 36.07195 ], [ 139.49659, 36.07207 ], [ 139.49616, 36.0723 ], [ 139.49557, 36.07263 ], [ 139.49499, 36.07296 ], [ 139.49432, 36.07335 ], [ 139.49359, 36.07378 ], [ 139.4926, 36.07436 ], [ 139.49206, 36.07468 ], [ 139.4909, 36.07536 ], [ 139.48949, 36.07619 ], [ 139.48878, 36.07661 ], [ 139.48804, 36.07704 ], [ 139.48777, 36.07721 ], [ 139.4875, 36.07737 ], [ 139.48702, 36.07764 ], [ 139.48656, 36.07787 ], [ 139.48604, 36.07814 ], [ 139.48562, 36.07833 ], [ 139.48483, 36.0787 ], [ 139.48453, 36.07884 ], [ 139.48407, 36.07905 ], [ 139.48355, 36.07933 ], [ 139.48333, 36.07946 ], [ 139.483, 36.07967 ], [ 139.48278, 36.07982 ], [ 139.48242, 36.0801 ], [ 139.48189, 36.08055 ], [ 139.48121, 36.08123 ], [ 139.48053, 36.08189 ], [ 139.48033, 36.08211 ], [ 139.4801, 36.08232 ], [ 139.47957, 36.08286 ], [ 139.47944, 36.08299 ], [ 139.47935, 36.08307 ], [ 139.47894, 36.08349 ], [ 139.47861, 36.08382 ], [ 139.47804, 36.08439 ], [ 139.47784, 36.08459 ], [ 139.476955, 36.085495 ], [ 139.47607, 36.0864 ], [ 139.47596, 36.08651 ], [ 139.47551, 36.08694 ], [ 139.47487, 36.0875 ], [ 139.47425, 36.08798 ], [ 139.47412, 36.08806 ], [ 139.47385, 36.0882 ], [ 139.47284, 36.08873 ], [ 139.47142, 36.08944 ], [ 139.47058, 36.08987 ], [ 139.46846, 36.09092 ], [ 139.46812, 36.09109 ], [ 139.46702, 36.09165 ], [ 139.46628, 36.09207 ], [ 139.46609, 36.09224 ], [ 139.46576, 36.09263 ], [ 139.46488, 36.09373 ], [ 139.46356, 36.09546 ], [ 139.46306, 36.0961 ], [ 139.46274, 36.09651 ], [ 139.46203, 36.09743 ], [ 139.46084, 36.09897 ], [ 139.4604, 36.09953 ], [ 139.46021, 36.09975 ], [ 139.45997, 36.10003 ], [ 139.45942, 36.1004 ], [ 139.45887, 36.10068 ], [ 139.45858, 36.10081 ], [ 139.45776, 36.10116 ], [ 139.45533, 36.10217 ], [ 139.4547, 36.10243 ], [ 139.45382, 36.10279 ], [ 139.453602, 36.102882 ], [ 139.45273, 36.10325 ], [ 139.45188, 36.10361 ], [ 139.45186, 36.10362 ], [ 139.45114, 36.10393 ], [ 139.44945, 36.10453 ], [ 139.44887, 36.10466 ], [ 139.44778, 36.10485 ], [ 139.44444, 36.10527 ], [ 139.44306, 36.10546 ], [ 139.44192, 36.10566 ], [ 139.44142, 36.1058 ], [ 139.4412, 36.10585 ], [ 139.44096, 36.10593 ], [ 139.44071, 36.10601 ], [ 139.44047, 36.10612 ], [ 139.43985, 36.10644 ], [ 139.43932, 36.1068 ], [ 139.43884, 36.10718 ], [ 139.43766, 36.10833 ], [ 139.4364, 36.10959 ], [ 139.43496, 36.11103 ], [ 139.43395, 36.11202 ], [ 139.43363, 36.11234 ], [ 139.43322, 36.11275 ], [ 139.43248, 36.11348 ], [ 139.432078, 36.113888 ], [ 139.43171, 36.11426 ], [ 139.43095, 36.11504 ], [ 139.43084, 36.11515 ], [ 139.42931, 36.11671 ], [ 139.42913, 36.11685 ], [ 139.42872, 36.11716 ], [ 139.42774, 36.11781 ], [ 139.42699, 36.11831 ], [ 139.42639, 36.11871 ], [ 139.42535, 36.11938 ], [ 139.42383, 36.12037 ], [ 139.42375, 36.12042 ], [ 139.42187, 36.12163 ], [ 139.42131, 36.12198 ], [ 139.42094, 36.12221 ], [ 139.42007, 36.12266 ], [ 139.41738, 36.12392 ], [ 139.4157, 36.12471 ], [ 139.41265, 36.12617 ], [ 139.4099, 36.12747 ], [ 139.40782, 36.12847 ], [ 139.40781, 36.12847 ], [ 139.40666, 36.12904 ], [ 139.40622, 36.1293 ], [ 139.40573, 36.12964 ], [ 139.40506, 36.13013 ], [ 139.40373, 36.13113 ], [ 139.40228, 36.13225 ], [ 139.40106, 36.13315 ], [ 139.39992, 36.13404 ], [ 139.39975, 36.13417 ], [ 139.39947, 36.13438 ], [ 139.39831, 36.13526 ], [ 139.39646, 36.13664 ], [ 139.39547, 36.13734 ], [ 139.39526, 36.13751 ], [ 139.39463, 36.13796 ], [ 139.39422, 36.13819 ], [ 139.39378, 36.1384 ], [ 139.39274, 36.13881 ], [ 139.39057, 36.1396 ], [ 139.389925, 36.13981 ], [ 139.38928, 36.14002 ], [ 139.38792, 36.14055 ], [ 139.38547, 36.14149 ], [ 139.38422, 36.14197 ], [ 139.38176, 36.14293 ], [ 139.37866, 36.1441 ], [ 139.37816, 36.14431 ], [ 139.3779, 36.14445 ], [ 139.37759, 36.14469 ], [ 139.37613, 36.14609 ], [ 139.37528, 36.14689 ], [ 139.37387, 36.14824 ], [ 139.37381, 36.14829 ], [ 139.37274, 36.14927 ], [ 139.37179, 36.15015 ], [ 139.3715, 36.15036 ], [ 139.37116, 36.15068 ], [ 139.37054, 36.15125 ], [ 139.36961, 36.15212 ], [ 139.36911, 36.15261 ], [ 139.36844, 36.15321 ], [ 139.36754, 36.15405 ], [ 139.36679, 36.15465 ], [ 139.36598, 36.15527 ], [ 139.36541, 36.15567 ], [ 139.363869, 36.156559 ], [ 139.350091, 36.164005 ], [ 139.34721, 36.16551 ], [ 139.34636, 36.16596 ], [ 139.34525, 36.16656 ], [ 139.34344, 36.16755 ], [ 139.34246, 36.16808 ], [ 139.34151, 36.16861 ], [ 139.34086, 36.16896 ], [ 139.34015, 36.16938 ], [ 139.33939, 36.16983 ], [ 139.339, 36.17003 ], [ 139.33801, 36.17057 ], [ 139.33625, 36.17152 ], [ 139.33491, 36.17225 ], [ 139.33364, 36.17292 ], [ 139.33325, 36.17312 ], [ 139.332, 36.17369 ], [ 139.33026, 36.17442 ], [ 139.32852, 36.17515 ], [ 139.3277, 36.17548 ], [ 139.32714, 36.17572 ], [ 139.32615, 36.17613 ], [ 139.32558, 36.17638 ], [ 139.32536, 36.17647 ], [ 139.32311, 36.1774 ], [ 139.32245, 36.17769 ], [ 139.32055, 36.17848 ], [ 139.31856, 36.17932 ], [ 139.31719, 36.17989 ], [ 139.31673, 36.18009 ], [ 139.31538, 36.18066 ], [ 139.31447, 36.18105 ], [ 139.31272, 36.18177 ], [ 139.312, 36.18208 ], [ 139.31011, 36.18288 ], [ 139.30952, 36.18312 ], [ 139.30758, 36.18393 ], [ 139.30707, 36.18416 ], [ 139.30689, 36.18423 ], [ 139.30616, 36.18452 ], [ 139.30448, 36.18524 ], [ 139.30415, 36.18538 ], [ 139.30336, 36.18567 ], [ 139.30283, 36.18589 ], [ 139.30202, 36.18614 ], [ 139.30112, 36.18639 ], [ 139.29906, 36.18691 ], [ 139.29844, 36.18706 ], [ 139.29661, 36.18752 ], [ 139.29597, 36.18768 ], [ 139.29473, 36.188 ], [ 139.29269, 36.18851 ], [ 139.29166, 36.18877 ], [ 139.28983, 36.18923 ], [ 139.28886, 36.18946 ], [ 139.2872, 36.18989 ], [ 139.28654, 36.19005 ], [ 139.28602, 36.19018 ], [ 139.28575, 36.19025 ], [ 139.28476, 36.1905 ], [ 139.28423, 36.19062 ], [ 139.28287, 36.19097 ], [ 139.281345, 36.191345 ], [ 139.27982, 36.19172 ], [ 139.27952, 36.19181 ], [ 139.27816, 36.19215 ], [ 139.27755, 36.19231 ], [ 139.27671, 36.19253 ], [ 139.27668, 36.19254 ], [ 139.27528, 36.19289 ], [ 139.27474, 36.19304 ], [ 139.27386, 36.19328 ], [ 139.27271, 36.19361 ], [ 139.27239, 36.1937 ], [ 139.27209, 36.19379 ], [ 139.27174, 36.19388 ], [ 139.27114, 36.19402 ], [ 139.2708, 36.1941 ], [ 139.27017, 36.1942 ], [ 139.26937, 36.19429 ], [ 139.2686, 36.19438 ], [ 139.26778, 36.19444 ], [ 139.26708, 36.1945 ], [ 139.26627, 36.19455 ], [ 139.26598, 36.19457 ], [ 139.26567, 36.1946 ], [ 139.2649, 36.19469 ], [ 139.26424, 36.19476 ], [ 139.2635, 36.19485 ], [ 139.26267, 36.19499 ], [ 139.2621, 36.19511 ], [ 139.26151, 36.19527 ], [ 139.26111, 36.19538 ], [ 139.26076, 36.1955 ], [ 139.2603, 36.19564 ], [ 139.26014, 36.19571 ], [ 139.25996, 36.19578 ], [ 139.25969, 36.1959 ], [ 139.25918, 36.19612 ], [ 139.25712, 36.19704 ], [ 139.2557, 36.19767 ], [ 139.2552, 36.19789 ], [ 139.25322, 36.19877 ], [ 139.25234, 36.19917 ], [ 139.25064, 36.19991 ], [ 139.24958, 36.20039 ], [ 139.24828, 36.20099 ], [ 139.24782, 36.20121 ], [ 139.24679, 36.20172 ], [ 139.24614, 36.20202 ], [ 139.24509, 36.20247 ], [ 139.24421, 36.20284 ], [ 139.2431, 36.20331 ], [ 139.24203, 36.20377 ], [ 139.24121, 36.20413 ], [ 139.24043, 36.20446 ], [ 139.23964, 36.20479 ], [ 139.23926, 36.20496 ], [ 139.23773, 36.20562 ], [ 139.237485, 36.205728 ], [ 139.2368, 36.20603 ], [ 139.23572, 36.20652 ], [ 139.23487, 36.20691 ], [ 139.2343, 36.20717 ], [ 139.23394, 36.20734 ], [ 139.23274, 36.20792 ], [ 139.2321, 36.20822 ], [ 139.23167, 36.20843 ], [ 139.23143, 36.20856 ], [ 139.23106, 36.20875 ], [ 139.23062, 36.20901 ], [ 139.23019, 36.20927 ], [ 139.22949, 36.20973 ], [ 139.22859, 36.21035 ], [ 139.22803, 36.21073 ], [ 139.22713, 36.21139 ], [ 139.22634, 36.21191 ], [ 139.22551, 36.21245 ], [ 139.22541, 36.21251 ], [ 139.22488, 36.21285 ], [ 139.22386, 36.21349 ], [ 139.22323, 36.21389 ], [ 139.22277, 36.21416 ], [ 139.22242, 36.21433 ], [ 139.22213, 36.21447 ], [ 139.22189, 36.21458 ], [ 139.22169, 36.21466 ], [ 139.22115, 36.21487 ], [ 139.22032, 36.21516 ], [ 139.21963, 36.2154 ], [ 139.2191, 36.21558 ], [ 139.21806, 36.21596 ], [ 139.21704, 36.21631 ], [ 139.21573, 36.21678 ], [ 139.21547, 36.21688 ], [ 139.21482, 36.21711 ], [ 139.21349, 36.2176 ], [ 139.21308, 36.21775 ], [ 139.21264, 36.21793 ], [ 139.21245, 36.21801 ], [ 139.21229, 36.2181 ], [ 139.21207, 36.21821 ], [ 139.21188, 36.21831 ], [ 139.21162, 36.21845 ], [ 139.2115, 36.21852 ], [ 139.21125, 36.2187 ], [ 139.21101, 36.21887 ], [ 139.21069, 36.21913 ], [ 139.21053, 36.21926 ], [ 139.21025, 36.2195 ], [ 139.20984, 36.21987 ], [ 139.20932, 36.22034 ], [ 139.20906, 36.2206 ], [ 139.20828, 36.2213 ], [ 139.20797, 36.22158 ], [ 139.20734, 36.22214 ], [ 139.20638, 36.22299 ], [ 139.2056, 36.2237 ], [ 139.20476, 36.22446 ], [ 139.20418, 36.22499 ], [ 139.20353, 36.22557 ], [ 139.20285, 36.22619 ], [ 139.20197, 36.22696 ], [ 139.20036, 36.22842 ], [ 139.20016, 36.2286 ], [ 139.19914, 36.2295 ], [ 139.19842, 36.23015 ], [ 139.19819, 36.23035 ], [ 139.19725, 36.2312 ], [ 139.19654, 36.23185 ], [ 139.19586, 36.23246 ], [ 139.19515, 36.23303 ], [ 139.1946, 36.23342 ], [ 139.19368, 36.23384 ], [ 139.19237, 36.23443 ], [ 139.19189, 36.23464 ], [ 139.19044, 36.23527 ], [ 139.18975, 36.23558 ], [ 139.188136, 36.236301 ], [ 139.18796, 36.23638 ], [ 139.18652, 36.23702 ], [ 139.18582, 36.23733 ], [ 139.1853, 36.23756 ], [ 139.18488, 36.23774 ], [ 139.18379, 36.23823 ], [ 139.18234, 36.23887 ], [ 139.18137, 36.23931 ], [ 139.18022, 36.23981 ], [ 139.17882, 36.24044 ], [ 139.17745, 36.24104 ], [ 139.17669, 36.24138 ], [ 139.17557, 36.24189 ], [ 139.175, 36.24215 ], [ 139.1747, 36.24228 ], [ 139.17161, 36.24364 ], [ 139.1701, 36.24431 ], [ 139.16889, 36.24484 ], [ 139.16674, 36.2458 ], [ 139.16584, 36.2462 ], [ 139.16499, 36.24657 ], [ 139.16399, 36.24702 ], [ 139.16236, 36.24774 ], [ 139.16029, 36.24865 ], [ 139.15909, 36.24917 ], [ 139.15817, 36.2496 ], [ 139.15688, 36.25017 ], [ 139.15611, 36.25051 ], [ 139.15568, 36.25071 ], [ 139.15445, 36.25126 ], [ 139.15318, 36.25183 ], [ 139.15158, 36.25254 ], [ 139.15042, 36.25304 ], [ 139.15016, 36.25315 ], [ 139.149014, 36.253623 ], [ 139.14895, 36.25365 ], [ 139.14793, 36.25407 ], [ 139.14761, 36.25421 ], [ 139.14745, 36.25429 ], [ 139.14715, 36.25442 ], [ 139.14652, 36.2547 ], [ 139.1458, 36.25502 ], [ 139.14521, 36.25529 ], [ 139.14451, 36.25561 ], [ 139.14428, 36.25571 ], [ 139.14397, 36.25585 ], [ 139.14356, 36.25603 ], [ 139.14343, 36.25609 ], [ 139.14216, 36.25667 ], [ 139.14206, 36.25672 ], [ 139.14195, 36.25677 ], [ 139.14045, 36.25745 ], [ 139.13979, 36.25774 ], [ 139.13964, 36.25782 ], [ 139.13955, 36.25784 ], [ 139.13901, 36.25809 ], [ 139.13884, 36.25816 ], [ 139.13792, 36.25858 ], [ 139.13735, 36.25883 ], [ 139.13696, 36.259 ], [ 139.13692, 36.25903 ], [ 139.13595, 36.25946 ], [ 139.13535, 36.25973 ], [ 139.13523, 36.25979 ], [ 139.13483, 36.25997 ], [ 139.13421, 36.26025 ], [ 139.13218, 36.26117 ], [ 139.13172, 36.26138 ], [ 139.13088, 36.26175 ], [ 139.13064, 36.26187 ], [ 139.1303, 36.26202 ], [ 139.13007, 36.26212 ], [ 139.12994, 36.26217 ], [ 139.12957, 36.26234 ], [ 139.12913, 36.26254 ], [ 139.12889, 36.26265 ], [ 139.12823, 36.26295 ], [ 139.12747, 36.2633 ], [ 139.12738, 36.26333 ], [ 139.12734, 36.26335 ], [ 139.12731, 36.26336 ], [ 139.12655, 36.26371 ], [ 139.12489, 36.26445 ], [ 139.12422, 36.26475 ], [ 139.12387, 36.26491 ], [ 139.12363, 36.26502 ], [ 139.12326, 36.26518 ], [ 139.12313, 36.26524 ], [ 139.12271, 36.26542 ], [ 139.12253, 36.2655 ], [ 139.12213, 36.26567 ], [ 139.12181, 36.26581 ], [ 139.12176, 36.26583 ], [ 139.12149, 36.26595 ], [ 139.12113, 36.26613 ], [ 139.12074, 36.26629 ], [ 139.12, 36.26664 ], [ 139.11957, 36.26684 ], [ 139.11885, 36.26717 ], [ 139.11829, 36.26741 ], [ 139.11757, 36.26773 ], [ 139.11684, 36.26805 ], [ 139.11654, 36.26818 ], [ 139.11637, 36.26825 ], [ 139.11553, 36.26861 ], [ 139.11386, 36.26934 ], [ 139.113, 36.26972 ], [ 139.11034, 36.27091 ], [ 139.10973, 36.27118 ], [ 139.10933, 36.27135 ], [ 139.10774, 36.27204 ], [ 139.10696, 36.27238 ], [ 139.10648, 36.27258 ], [ 139.1057, 36.27293 ], [ 139.105312, 36.273098 ], [ 139.10487, 36.27329 ], [ 139.10367, 36.27383 ], [ 139.10321, 36.27402 ], [ 139.10263, 36.27426 ], [ 139.10248, 36.27433 ], [ 139.10227, 36.27442 ], [ 139.1017, 36.27468 ], [ 139.10143, 36.2748 ], [ 139.10121, 36.27489 ], [ 139.1007, 36.27511 ], [ 139.10005, 36.27539 ], [ 139.09965, 36.27557 ], [ 139.0991, 36.27581 ], [ 139.09863, 36.276 ], [ 139.09794, 36.27631 ], [ 139.09764, 36.27644 ], [ 139.09727, 36.27661 ], [ 139.09672, 36.27686 ], [ 139.09671, 36.27686 ], [ 139.09629, 36.27705 ], [ 139.0959, 36.27723 ], [ 139.09545, 36.27742 ], [ 139.09502, 36.2776 ], [ 139.09468, 36.27775 ], [ 139.09393, 36.27806 ], [ 139.09358, 36.27822 ], [ 139.09302, 36.27847 ], [ 139.09248, 36.2787 ], [ 139.09215, 36.27885 ], [ 139.09174, 36.27903 ], [ 139.09135, 36.27919 ], [ 139.09088, 36.2794 ], [ 139.09042, 36.27961 ], [ 139.09028, 36.27968 ], [ 139.09017, 36.27974 ], [ 139.08966, 36.27996 ], [ 139.08892, 36.28031 ], [ 139.08841, 36.28053 ], [ 139.08835, 36.28056 ], [ 139.08765, 36.28084 ], [ 139.08721, 36.281 ], [ 139.08682, 36.28116 ], [ 139.0864, 36.28132 ], [ 139.08603, 36.28143 ], [ 139.08558, 36.28157 ], [ 139.08517, 36.28169 ], [ 139.08437, 36.28186 ], [ 139.08373, 36.28202 ], [ 139.08325, 36.28212 ], [ 139.08272, 36.28225 ], [ 139.08221, 36.28236 ], [ 139.08083, 36.28268 ], [ 139.07997, 36.28287 ], [ 139.07978, 36.2829 ], [ 139.07915, 36.28305 ], [ 139.07868, 36.28316 ], [ 139.07813, 36.28327 ], [ 139.07765, 36.28337 ], [ 139.07747, 36.28343 ], [ 139.07696, 36.28354 ], [ 139.07632, 36.28368 ], [ 139.0758, 36.2838 ], [ 139.07505, 36.28397 ], [ 139.0745, 36.2841 ], [ 139.07403, 36.2842 ], [ 139.07358, 36.28431 ], [ 139.07318, 36.28443 ], [ 139.07296, 36.28451 ], [ 139.07288, 36.28455 ], [ 139.07229, 36.28476 ], [ 139.072, 36.2849 ], [ 139.07176, 36.28501 ], [ 139.07158, 36.2851 ], [ 139.07125, 36.28525 ], [ 139.07103, 36.28537 ], [ 139.07078, 36.28552 ], [ 139.07056, 36.28566 ], [ 139.0703, 36.28584 ], [ 139.07007, 36.28601 ], [ 139.06975, 36.28626 ], [ 139.0695, 36.28648 ], [ 139.0692, 36.28677 ], [ 139.06903, 36.28695 ], [ 139.06882, 36.28721 ], [ 139.06871, 36.28733 ], [ 139.0687, 36.28735 ], [ 139.06852, 36.2876 ], [ 139.06836, 36.28785 ], [ 139.0681, 36.28837 ], [ 139.06785, 36.28889 ], [ 139.06777, 36.28906 ], [ 139.06762, 36.28942 ], [ 139.06755, 36.2896 ], [ 139.0674, 36.28998 ], [ 139.06714, 36.29066 ], [ 139.067, 36.29108 ], [ 139.06686, 36.2914 ], [ 139.06677, 36.29164 ], [ 139.06657, 36.29203 ], [ 139.0664, 36.29234 ], [ 139.06626, 36.29256 ], [ 139.06607, 36.29283 ], [ 139.06601, 36.29292 ], [ 139.06579, 36.29319 ], [ 139.06556, 36.29344 ], [ 139.0652, 36.29381 ], [ 139.06488, 36.29411 ], [ 139.06455, 36.29439 ], [ 139.06405, 36.29475 ], [ 139.0638, 36.29489 ], [ 139.06314, 36.29533 ], [ 139.06294, 36.29541 ], [ 139.06261, 36.29552 ], [ 139.06257, 36.29553 ], [ 139.06217, 36.29568 ], [ 139.06156, 36.2959 ], [ 139.06101, 36.29611 ], [ 139.0606, 36.29625 ], [ 139.06045, 36.29632 ], [ 139.06002, 36.29647 ], [ 139.05947, 36.29667 ], [ 139.05904, 36.29682 ], [ 139.05868, 36.29696 ], [ 139.05822, 36.29713 ], [ 139.05789, 36.29725 ], [ 139.05756, 36.29738 ], [ 139.05707, 36.29755 ], [ 139.05657, 36.29773 ], [ 139.05613, 36.2979 ], [ 139.05564, 36.29808 ], [ 139.05529, 36.29821 ], [ 139.05465, 36.29844 ], [ 139.05412, 36.29863 ], [ 139.05362, 36.29881 ], [ 139.05308, 36.299 ], [ 139.05276, 36.29911 ], [ 139.05256, 36.2992 ], [ 139.0525, 36.29922 ], [ 139.0519, 36.29944 ], [ 139.05137, 36.29961 ], [ 139.05082, 36.2998 ], [ 139.05011, 36.30005 ], [ 139.049435, 36.300292 ], [ 139.04933, 36.30033 ], [ 139.04859, 36.30061 ], [ 139.04751, 36.301 ], [ 139.0472, 36.30111 ], [ 139.04682, 36.30126 ], [ 139.04635, 36.30142 ], [ 139.04593, 36.30157 ], [ 139.04527, 36.30182 ], [ 139.04463, 36.30206 ], [ 139.04425, 36.30219 ], [ 139.04405, 36.30228 ], [ 139.04342, 36.30249 ], [ 139.04316, 36.30258 ], [ 139.04299, 36.30264 ], [ 139.040731, 36.303411 ], [ 139.038916, 36.304101 ], [ 139.036502, 36.305115 ], [ 139.03317, 36.306345 ], [ 139.02989, 36.3075 ], [ 139.0296, 36.30759 ], [ 139.0293, 36.30771 ], [ 139.02912, 36.30777 ], [ 139.02882, 36.30787 ], [ 139.0284, 36.30801 ], [ 139.02801, 36.30815 ], [ 139.02768, 36.30831 ], [ 139.02739, 36.30845 ], [ 139.02681, 36.30876 ], [ 139.02609, 36.30913 ], [ 139.02541, 36.30947 ], [ 139.02455, 36.30991 ], [ 139.02425, 36.31008 ], [ 139.02412, 36.31015 ], [ 139.02354, 36.31042 ], [ 139.02328, 36.31056 ], [ 139.02264, 36.31091 ], [ 139.02199, 36.31126 ], [ 139.02133, 36.31161 ], [ 139.02078, 36.3119 ], [ 139.0201, 36.31227 ], [ 139.01928, 36.31271 ], [ 139.01697, 36.3139 ], [ 139.01659, 36.31408 ], [ 139.016, 36.31442 ], [ 139.01543, 36.31473 ], [ 139.01503, 36.31494 ], [ 139.01495, 36.31499 ], [ 139.01479, 36.31508 ], [ 139.01424, 36.31541 ], [ 139.01411, 36.31551 ], [ 139.01406, 36.31555 ], [ 139.01399, 36.31561 ], [ 139.01378, 36.31584 ], [ 139.01363, 36.316 ], [ 139.01358, 36.31607 ], [ 139.01341, 36.31629 ], [ 139.01314, 36.31672 ], [ 139.01305, 36.31691 ], [ 139.01302, 36.31698 ], [ 139.0129, 36.31725 ], [ 139.01283, 36.31748 ], [ 139.01278, 36.31762 ], [ 139.01274, 36.31785 ], [ 139.01269, 36.31823 ], [ 139.01268, 36.31856 ], [ 139.01265, 36.31878 ], [ 139.01262, 36.3191 ], [ 139.01255, 36.31992 ], [ 139.01249, 36.32059 ], [ 139.01243, 36.32143 ]
    ,
    [ 139.012349, 36.322271 ], [ 139.01224, 36.32339 ], [ 139.01219, 36.32395 ], [ 139.01214, 36.32452 ], [ 139.01222, 36.32468 ], [ 139.01228, 36.32492 ], [ 139.0123, 36.32519 ], [ 139.0123, 36.3252 ], [ 139.01238, 36.3256 ], [ 139.01256, 36.32614 ], [ 139.01258, 36.32635 ], [ 139.01251, 36.32704 ], [ 139.01233, 36.32835 ], [ 139.01199, 36.33129 ], [ 139.01187, 36.33218 ], [ 139.01163, 36.33408 ], [ 139.01161, 36.33415 ], [ 139.01158, 36.33421 ], [ 139.01139, 36.33454 ], [ 139.01115, 36.3349 ], [ 139.01105, 36.33504 ], [ 139.01086, 36.33524 ], [ 139.01056, 36.33549 ], [ 139.01048, 36.33556 ], [ 139.01023, 36.33573 ], [ 139.00995, 36.33591 ], [ 139.00969, 36.33606 ], [ 139.00939, 36.33621 ], [ 139.00879, 36.33648 ], [ 139.0077, 36.33678 ], [ 139.00683, 36.33706 ], [ 139.00658, 36.33715 ], [ 139.00592, 36.33736 ], [ 139.0055, 36.33749 ], [ 139.00481, 36.33771 ], [ 139.00421, 36.33791 ], [ 139.0036, 36.33811 ], [ 139.0032, 36.33823 ], [ 139.002384, 36.338495 ], [ 139.00117, 36.33889 ], [ 139.00053, 36.33907 ], [ 139.00024, 36.33916 ], [ 138.99905, 36.3395 ], [ 138.99881, 36.33957 ], [ 138.99852, 36.33966 ], [ 138.99823, 36.33973 ], [ 138.99802, 36.33976 ], [ 138.99779, 36.33979 ], [ 138.99728, 36.33985 ], [ 138.99682, 36.33985 ], [ 138.99609, 36.33987 ], [ 138.99354, 36.33993 ], [ 138.99283, 36.33996 ], [ 138.99159, 36.33999 ], [ 138.9904, 36.34003 ], [ 138.98934, 36.34005 ], [ 138.98909, 36.34005 ], [ 138.98773, 36.34009 ], [ 138.98734, 36.34009 ], [ 138.98676, 36.34011 ], [ 138.98656, 36.34012 ], [ 138.9862, 36.34013 ], [ 138.986, 36.34014 ], [ 138.985143, 36.340098 ], [ 138.984353, 36.340004 ], [ 138.983878, 36.33993 ], [ 138.980835, 36.339249 ], [ 138.97776, 36.33867 ], [ 138.97719, 36.33854 ], [ 138.97689, 36.33849 ], [ 138.97594, 36.33829 ], [ 138.9753, 36.33816 ], [ 138.97482, 36.33809 ], [ 138.97452, 36.33806 ], [ 138.97387, 36.33802 ], [ 138.97304, 36.338 ], [ 138.97067, 36.33795 ], [ 138.9698, 36.33793 ], [ 138.96696, 36.33788 ], [ 138.96546, 36.33783 ], [ 138.96414, 36.3378 ], [ 138.9624, 36.33777 ], [ 138.96176, 36.33775 ], [ 138.95977, 36.3377 ], [ 138.95872, 36.33767 ], [ 138.95749, 36.33766 ], [ 138.95626, 36.33765 ], [ 138.95615, 36.33764 ], [ 138.9544, 36.33762 ], [ 138.95226, 36.33759 ], [ 138.9508, 36.33759 ], [ 138.94812, 36.33759 ], [ 138.94642, 36.33766 ], [ 138.94429, 36.33779 ], [ 138.94333, 36.33785 ], [ 138.94117, 36.33799 ], [ 138.9399, 36.33808 ], [ 138.9388, 36.33813 ], [ 138.93811, 36.33811 ], [ 138.93777, 36.33807 ], [ 138.93742, 36.338 ], [ 138.93716, 36.33793 ], [ 138.93689, 36.33782 ], [ 138.93636, 36.33751 ], [ 138.93594, 36.33726 ], [ 138.93551, 36.33695 ], [ 138.93518, 36.33666 ], [ 138.93498, 36.33647 ], [ 138.9343, 36.33561 ], [ 138.93418, 36.33547 ], [ 138.93292, 36.33391 ], [ 138.93261, 36.33354 ], [ 138.93236, 36.33325 ], [ 138.93201, 36.33297 ], [ 138.9315, 36.33266 ], [ 138.93118, 36.33252 ], [ 138.93074, 36.33235 ], [ 138.92995, 36.33217 ], [ 138.92952, 36.3321 ], [ 138.92901, 36.33205 ], [ 138.92822, 36.33203 ], [ 138.92726, 36.332 ], [ 138.92545, 36.33195 ], [ 138.92374, 36.33191 ], [ 138.92267, 36.33188 ], [ 138.92198, 36.33186 ], [ 138.92043, 36.33183 ], [ 138.92003, 36.33181 ], [ 138.91854, 36.33179 ], [ 138.9167, 36.33174 ], [ 138.91558, 36.33168 ], [ 138.914485, 36.331655 ], [ 138.91339, 36.33163 ], [ 138.91243, 36.33165 ], [ 138.91184, 36.33163 ], [ 138.91143, 36.33157 ], [ 138.91111, 36.33152 ], [ 138.91056, 36.33135 ], [ 138.91017, 36.33119 ], [ 138.90965, 36.33089 ], [ 138.90922, 36.33059 ], [ 138.90865, 36.33016 ], [ 138.90789, 36.32958 ], [ 138.90693, 36.32885 ], [ 138.90578, 36.32797 ], [ 138.90463, 36.3271 ], [ 138.90374, 36.32642 ], [ 138.90373, 36.32641 ], [ 138.90296, 36.32582 ], [ 138.90183, 36.32495 ], [ 138.90037, 36.32387 ], [ 138.89866, 36.32276 ], [ 138.89739, 36.32193 ], [ 138.89563, 36.32079 ], [ 138.89529, 36.32057 ], [ 138.89391, 36.3197 ], [ 138.89283, 36.31899 ], [ 138.89073, 36.31765 ], [ 138.88849, 36.31622 ], [ 138.88694, 36.3152 ], [ 138.88659, 36.31499 ], [ 138.88585, 36.31452 ], [ 138.8838, 36.31315 ], [ 138.88191, 36.31192 ], [ 138.87958, 36.31036 ], [ 138.87801, 36.30928 ], [ 138.87739, 36.30886 ], [ 138.87635, 36.30814 ], [ 138.87463, 36.30691 ], [ 138.87264, 36.30554 ], [ 138.87183, 36.30497 ], [ 138.87144, 36.30469 ], [ 138.87087, 36.30432 ], [ 138.86965, 36.30351 ], [ 138.86906, 36.30316 ], [ 138.86862, 36.30292 ], [ 138.86755, 36.30241 ], [ 138.86688, 36.30213 ], [ 138.86599, 36.3018 ], [ 138.8642, 36.30117 ], [ 138.86392, 36.30107 ], [ 138.86321, 36.3008 ], [ 138.86254, 36.30056 ], [ 138.86215, 36.30041 ], [ 138.86131, 36.30011 ], [ 138.85941, 36.29941 ], [ 138.8587, 36.29916 ], [ 138.85816, 36.29897 ], [ 138.85719, 36.29869 ], [ 138.85642, 36.29856 ], [ 138.85601, 36.29852 ], [ 138.8552, 36.29849 ], [ 138.85273, 36.29844 ], [ 138.85196, 36.29842 ], [ 138.8515, 36.29841 ], [ 138.85067, 36.29839 ], [ 138.849675, 36.29837 ], [ 138.84868, 36.29835 ], [ 138.84832, 36.29835 ], [ 138.84636, 36.29833 ], [ 138.84521, 36.29829 ], [ 138.84437, 36.29827 ], [ 138.84355, 36.29818 ], [ 138.84241, 36.298 ], [ 138.84073, 36.2977 ], [ 138.83977, 36.29754 ], [ 138.83849, 36.29732 ], [ 138.83836, 36.29729 ], [ 138.83744, 36.29714 ], [ 138.8356, 36.29683 ], [ 138.83425, 36.29661 ], [ 138.83414, 36.29659 ], [ 138.83355, 36.29649 ], [ 138.83258, 36.29634 ], [ 138.8321, 36.29627 ], [ 138.83166, 36.29625 ], [ 138.8313, 36.29626 ], [ 138.83081, 36.2963 ], [ 138.83015, 36.29639 ], [ 138.82947, 36.29649 ], [ 138.82845, 36.29664 ], [ 138.82732, 36.29681 ], [ 138.82701, 36.29686 ], [ 138.82574, 36.29705 ], [ 138.82459, 36.29723 ], [ 138.82351, 36.29739 ], [ 138.82267, 36.29752 ], [ 138.82193, 36.29763 ], [ 138.82128, 36.29775 ], [ 138.82082, 36.29785 ], [ 138.82032, 36.298 ], [ 138.81985, 36.29815 ], [ 138.81954, 36.29825 ], [ 138.81903, 36.29844 ], [ 138.81854, 36.29865 ], [ 138.81812, 36.29885 ], [ 138.81757, 36.29913 ], [ 138.81692, 36.29942 ], [ 138.81684, 36.29946 ], [ 138.81633, 36.29972 ], [ 138.81537, 36.30016 ], [ 138.81475, 36.30048 ], [ 138.81374, 36.30097 ], [ 138.81285, 36.30141 ], [ 138.81048, 36.30284 ], [ 138.80968, 36.30331 ], [ 138.80909, 36.30367 ], [ 138.80801, 36.30428 ], [ 138.80786, 36.30435 ], [ 138.80765, 36.30446 ], [ 138.80763, 36.30447 ], [ 138.80739, 36.30458 ], [ 138.80704, 36.30472 ], [ 138.80649, 36.30492 ], [ 138.80508, 36.30544 ], [ 138.80415, 36.30577 ], [ 138.8034, 36.30605 ], [ 138.80171, 36.30673 ], [ 138.80136, 36.3069 ], [ 138.80104, 36.30705 ], [ 138.80083, 36.30715 ], [ 138.80062, 36.30726 ], [ 138.80007, 36.3076 ], [ 138.79938, 36.30804 ], [ 138.79863, 36.30852 ], [ 138.79805, 36.3089 ], [ 138.797655, 36.309155 ], [ 138.79726, 36.30941 ], [ 138.79639, 36.30996 ], [ 138.79562, 36.31043 ], [ 138.79547, 36.31052 ], [ 138.79521, 36.31069 ], [ 138.79449, 36.31114 ], [ 138.79201, 36.31269 ], [ 138.79108, 36.31328 ], [ 138.78858, 36.31485 ], [ 138.788076, 36.315169 ], [ 138.78765, 36.31544 ], [ 138.78698, 36.31585 ], [ 138.78663, 36.31608 ], [ 138.78628, 36.31631 ], [ 138.7854, 36.31687 ], [ 138.7841, 36.31769 ], [ 138.78337, 36.31816 ], [ 138.78285, 36.3185 ], [ 138.78191, 36.31909 ], [ 138.78057, 36.31995 ], [ 138.78029, 36.32011 ], [ 138.78004, 36.32022 ], [ 138.77986, 36.32027 ], [ 138.7796, 36.32032 ], [ 138.77889, 36.32041 ], [ 138.77786, 36.32053 ], [ 138.77711, 36.32062 ], [ 138.77604, 36.32075 ], [ 138.77565, 36.32079 ], [ 138.77517, 36.32084 ], [ 138.77452, 36.3209 ], [ 138.7735, 36.32107 ], [ 138.77304, 36.32118 ], [ 138.77265, 36.32131 ], [ 138.77262, 36.32132 ], [ 138.77192, 36.32157 ], [ 138.77167, 36.32167 ], [ 138.77106, 36.32191 ], [ 138.77079, 36.32202 ], [ 138.77043, 36.32223 ], [ 138.77019, 36.32239 ], [ 138.7697, 36.32279 ], [ 138.7692, 36.32319 ], [ 138.76851, 36.32373 ], [ 138.76814, 36.32403 ], [ 138.76784, 36.32424 ], [ 138.76762, 36.32436 ], [ 138.76742, 36.32445 ], [ 138.7669, 36.32463 ], [ 138.76519, 36.32515 ], [ 138.76431, 36.32541 ], [ 138.76316, 36.32574 ], [ 138.76276, 36.32586 ], [ 138.76252, 36.32592 ], [ 138.76221, 36.32598 ], [ 138.76182, 36.32601 ], [ 138.7615, 36.32602 ], [ 138.76075, 36.32605 ], [ 138.76012, 36.32608 ], [ 138.75974, 36.32612 ], [ 138.75942, 36.32616 ], [ 138.75907, 36.32626 ], [ 138.75867, 36.32641 ], [ 138.7582, 36.32663 ], [ 138.75775, 36.32691 ], [ 138.75742, 36.32712 ], [ 138.75683, 36.32751 ], [ 138.75619, 36.32792 ], [ 138.75539, 36.32844 ], [ 138.75426, 36.32916 ], [ 138.75355, 36.32963 ], [ 138.7533, 36.32979 ], [ 138.7532, 36.32986 ], [ 138.75275, 36.33019 ], [ 138.75234, 36.33049 ], [ 138.75202, 36.33073 ], [ 138.75173, 36.33105 ], [ 138.75139, 36.33142 ], [ 138.75112, 36.33174 ], [ 138.75068, 36.33216 ], [ 138.75022, 36.33251 ], [ 138.74965, 36.33287 ], [ 138.74903, 36.33323 ], [ 138.74849, 36.33351 ], [ 138.74808, 36.33369 ], [ 138.74771, 36.33379 ], [ 138.74724, 36.33388 ], [ 138.74684, 36.33394 ], [ 138.74623, 36.33398 ], [ 138.74561, 36.33405 ], [ 138.74527, 36.3341 ], [ 138.74499, 36.33415 ], [ 138.74475, 36.3342 ], [ 138.74446, 36.33427 ], [ 138.74401, 36.3344 ], [ 138.74343, 36.33459 ], [ 138.74277, 36.33482 ], [ 138.74247, 36.33493 ], [ 138.74175, 36.33514 ], [ 138.7412, 36.33531 ], [ 138.7408, 36.33543 ], [ 138.7405, 36.33553 ], [ 138.74008, 36.33565 ], [ 138.7393, 36.33581 ], [ 138.7379, 36.33597 ], [ 138.734374, 36.33638 ], [ 138.733017, 36.33669 ], [ 138.732176, 36.33703 ], [ 138.731487, 36.337479 ], [ 138.730895, 36.337989 ], [ 138.730493, 36.338453 ], [ 138.730126, 36.339014 ], [ 138.729696, 36.339691 ], [ 138.725906, 36.348228 ], [ 138.72561, 36.348808 ], [ 138.725323, 36.34918 ], [ 138.724864, 36.349675 ], [ 138.723067, 36.351036 ], [ 138.719644, 36.353773 ], [ 138.719023, 36.354168 ], [ 138.718296, 36.354477 ], [ 138.717416, 36.354709 ], [ 138.715294, 36.355266 ], [ 138.71298, 36.355823 ], [ 138.712196, 36.355947 ], [ 138.711546, 36.355993 ], [ 138.711068, 36.355931 ], [ 138.710093, 36.355653 ], [ 138.708711, 36.355253 ], [ 138.708023, 36.355036 ], [ 138.707411, 36.354928 ], [ 138.706799, 36.354913 ], [ 138.706072, 36.354959 ], [ 138.705403, 36.355083 ], [ 138.704581, 36.355377 ], [ 138.70395, 36.355779 ], [ 138.70307, 36.356583 ], [ 138.701803, 36.357853 ], [ 138.701364, 36.358162 ], [ 138.700752, 36.358379 ], [ 138.700025, 36.358472 ], [ 138.699413, 36.358518 ], [ 138.698763, 36.35841 ], [ 138.697367, 36.358008 ], [ 138.696832, 36.357698 ], [ 138.69578, 36.356956 ], [ 138.6949, 36.356167 ], [ 138.693753, 36.355409 ], [ 138.692892, 36.355038 ], [ 138.692166, 36.354883 ], [ 138.691477, 36.354852 ], [ 138.690674, 36.354945 ], [ 138.68924, 36.35527 ], [ 138.687283, 36.355671 ], [ 138.686633, 36.355779 ], [ 138.686193, 36.355826 ], [ 138.685677, 36.355841 ], [ 138.68453, 36.355578 ], [ 138.683402, 36.355192 ], [ 138.682312, 36.35465 ], [ 138.681547, 36.354387 ], [ 138.681011, 36.354294 ], [ 138.680151, 36.354155 ], [ 138.67952, 36.354124 ], [ 138.678532, 36.354216 ], [ 138.676123, 36.354588 ], [ 138.673713, 36.355175 ], [ 138.672757, 36.355346 ], [ 138.671858, 36.355392 ], [ 138.670386, 36.3555 ], [ 138.668477, 36.355485 ], [ 138.666718, 36.355361 ], [ 138.666106, 36.355253 ], [ 138.665226, 36.355067 ], [ 138.664308, 36.354742 ], [ 138.663496, 36.354272 ], [ 138.661852, 36.353329 ], [ 138.660609, 36.352354 ], [ 138.659021, 36.351252 ], [ 138.6573, 36.349844 ], [ 138.65598, 36.348679 ], [ 138.654799, 36.347503 ], [ 138.653938, 36.346652 ], [ 138.65302, 36.345879 ], [ 138.652294, 36.345338 ], [ 138.651625, 36.345013 ], [ 138.650783, 36.344765 ], [ 138.649521, 36.344564 ], [ 138.648451, 36.344255 ], [ 138.646476, 36.343525 ], [ 138.645061, 36.343077 ], [ 138.644047, 36.34286 ], [ 138.643168, 36.342798 ], [ 138.641332, 36.342752 ], [ 138.634985, 36.34287 ], [ 138.6332, 36.34291 ], [ 138.63227, 36.34293 ], [ 138.63048, 36.34303 ], [ 138.63015, 36.34305 ], [ 138.62975, 36.34307 ], [ 138.62901, 36.3431 ], [ 138.62777, 36.34313 ], [ 138.62699, 36.34316 ], [ 138.62516, 36.34321 ], [ 138.62185, 36.34325 ], [ 138.61186, 36.34347 ], [ 138.61077, 36.34349 ], [ 138.61073, 36.34349 ], [ 138.60782, 36.34356 ], [ 138.60736, 36.34358 ], [ 138.6068, 36.34365 ], [ 138.60632, 36.34371 ], [ 138.60582, 36.34379 ], [ 138.6055, 36.34386 ], [ 138.605, 36.344 ], [ 138.60415, 36.34428 ], [ 138.60281, 36.34472 ], [ 138.60276, 36.34474 ], [ 138.60243, 36.34485 ], [ 138.60015, 36.34563 ], [ 138.59999, 36.34568 ], [ 138.59906, 36.346 ], [ 138.59872, 36.34611 ], [ 138.59719, 36.34664 ], [ 138.5961, 36.34701 ], [ 138.5954, 36.34722 ], [ 138.59508, 36.34731 ], [ 138.59473, 36.3474 ], [ 138.59445, 36.34747 ], [ 138.59401, 36.34756 ], [ 138.59366, 36.3476 ], [ 138.59332, 36.34763 ], [ 138.593134, 36.347636 ], [ 138.59302, 36.34764 ], [ 138.5928, 36.34764 ], [ 138.59253, 36.34763 ], [ 138.59207, 36.34758 ], [ 138.59153, 36.34747 ], [ 138.59085, 36.34729 ], [ 138.59036, 36.34713 ], [ 138.58993, 36.34698 ], [ 138.58985, 36.34696 ], [ 138.58903, 36.34662 ], [ 138.58891, 36.34657 ], [ 138.58885, 36.34655 ], [ 138.58806, 36.34622 ], [ 138.58801, 36.34621 ], [ 138.588, 36.3462 ], [ 138.58698, 36.34577 ], [ 138.586, 36.34536 ], [ 138.58596, 36.34535 ], [ 138.58511, 36.34499 ], [ 138.58455, 36.34475 ], [ 138.58407, 36.34455 ], [ 138.58404, 36.34454 ], [ 138.58318, 36.34418 ], [ 138.5821, 36.34372 ], [ 138.5818, 36.3436 ], [ 138.58119, 36.34336 ], [ 138.58026, 36.34296 ], [ 138.58022, 36.34295 ], [ 138.57841, 36.34219 ], [ 138.5783, 36.34214 ], [ 138.57738, 36.34175 ], [ 138.57655, 36.3414 ], [ 138.57651, 36.3414 ], [ 138.57469, 36.34064 ], [ 138.5746, 36.3406 ], [ 138.57437, 36.3405 ], [ 138.57355, 36.34017 ], [ 138.57309, 36.33997 ], [ 138.57172, 36.3394 ], [ 138.57081, 36.33902 ], [ 138.56973, 36.33857 ], [ 138.56934, 36.33841 ], [ 138.56886, 36.33823 ], [ 138.56881, 36.33822 ], [ 138.56876, 36.33819 ], [ 138.56871, 36.33819 ], [ 138.56827, 36.33804 ], [ 138.56776, 36.33791 ], [ 138.56725, 36.33781 ], [ 138.566, 36.33767 ], [ 138.56546, 36.33759 ], [ 138.56416, 36.33739 ], [ 138.56329, 36.33724 ], [ 138.56222, 36.33703 ], [ 138.56196, 36.33696 ], [ 138.5616, 36.33684 ], [ 138.56105, 36.33662 ], [ 138.56078, 36.3365 ], [ 138.56067, 36.33647 ], [ 138.55983, 36.33608 ], [ 138.5598, 36.33607 ], [ 138.558495, 36.33545 ], [ 138.55719, 36.33483 ], [ 138.55678, 36.33464 ], [ 138.55539, 36.33408 ], [ 138.55504, 36.33397 ], [ 138.55491, 36.33394 ], [ 138.55458, 36.33387 ], [ 138.55407, 36.33378 ], [ 138.55299, 36.33364 ], [ 138.55169, 36.33355 ], [ 138.55118, 36.33348 ], [ 138.55069, 36.33339 ], [ 138.55019, 36.33328 ], [ 138.54961, 36.33311 ], [ 138.54916, 36.33293 ], [ 138.54876, 36.33275 ], [ 138.54833, 36.33248 ], [ 138.54787, 36.33212 ], [ 138.54744, 36.33169 ], [ 138.54714, 36.33133 ], [ 138.54685, 36.33091 ], [ 138.54669, 36.33061 ], [ 138.54659, 36.3304 ], [ 138.54645, 36.33002 ], [ 138.54639, 36.32979 ], [ 138.54635, 36.32953 ], [ 138.54636, 36.3289 ], [ 138.54638, 36.32837 ], [ 138.54641, 36.32802 ], [ 138.54645, 36.32759 ], [ 138.5465, 36.32698 ], [ 138.54653, 36.32668 ], [ 138.54655, 36.32627 ], [ 138.54656, 36.32587 ], [ 138.54656, 36.32581 ], [ 138.54655, 36.3257 ], [ 138.5465, 36.32535 ], [ 138.54642, 36.32496 ], [ 138.54634, 36.32471 ], [ 138.54633, 36.32467 ], [ 138.54619, 36.32435 ], [ 138.54598, 36.32399 ], [ 138.54574, 36.32365 ], [ 138.54525, 36.32305 ], [ 138.545, 36.3228 ], [ 138.54468, 36.32253 ], [ 138.54448, 36.32239 ], [ 138.54418, 36.3222 ], [ 138.5438, 36.32201 ], [ 138.5434, 36.32186 ], [ 138.54266, 36.32166 ], [ 138.54231, 36.32159 ], [ 138.54173, 36.3215 ], [ 138.5414, 36.32147 ], [ 138.54133, 36.32146 ], [ 138.54106, 36.32145 ], [ 138.54096, 36.32145 ], [ 138.54055, 36.32146 ], [ 138.54009, 36.32148 ], [ 138.53975, 36.3215 ], [ 138.53941, 36.32152 ], [ 138.53911, 36.32154 ], [ 138.53843, 36.32159 ], [ 138.53786, 36.32159 ], [ 138.53743, 36.32156 ], [ 138.53678, 36.32147 ], [ 138.53599, 36.32128 ], [ 138.53397, 36.32077 ], [ 138.53276, 36.32045 ], [ 138.53234, 36.32034 ], [ 138.53033, 36.31984 ], [ 138.52926, 36.31957 ], [ 138.52859, 36.31939 ], [ 138.52763, 36.31914 ], [ 138.52713, 36.31899 ], [ 138.52043, 36.31636 ], [ 138.51991, 36.3162 ], [ 138.51946, 36.31611 ], [ 138.5191, 36.31604 ], [ 138.51865, 36.31598 ], [ 138.51839, 36.31597 ], [ 138.51825, 36.31596 ], [ 138.5176, 36.31593 ], [ 138.51718, 36.31596 ], [ 138.51684, 36.316 ], [ 138.51641, 36.31606 ], [ 138.51604, 36.31614 ], [ 138.51565, 36.31622 ], [ 138.51495, 36.31643 ], [ 138.51389, 36.31681 ], [ 138.51085, 36.31795 ], [ 138.50987, 36.31829 ], [ 138.50882, 36.31861 ], [ 138.50798, 36.31879 ], [ 138.50632, 36.31899 ], [ 138.50466, 36.31919 ], [ 138.50382, 36.31919 ], [ 138.50304, 36.31912 ], [ 138.50257, 36.31905 ], [ 138.50231, 36.31901 ], [ 138.50176, 36.31887 ], [ 138.50106, 36.31862 ], [ 138.50069, 36.31846 ], [ 138.50007, 36.31811 ], [ 138.49992, 36.31802 ], [ 138.49977, 36.31793 ], [ 138.49949, 36.31776 ], [ 138.49921, 36.31759 ], [ 138.49876, 36.31731 ], [ 138.498, 36.31684 ], [ 138.49791, 36.31678 ], [ 138.49686, 36.31613 ], [ 138.4965, 36.3159 ], [ 138.49616, 36.31569 ], [ 138.49544, 36.31528 ], [ 138.494, 36.3144 ], [ 138.49243, 36.31343 ], [ 138.49129, 36.31273 ], [ 138.49071, 36.31237 ], [ 138.49028, 36.31215 ], [ 138.48965, 36.31188 ], [ 138.48795, 36.31124 ], [ 138.48726, 36.31098 ], [ 138.48662, 36.31074 ], [ 138.48577, 36.31043 ], [ 138.48562, 36.31038 ], [ 138.48499, 36.31016 ], [ 138.48472, 36.3101 ], [ 138.48421, 36.31001 ], [ 138.48388, 36.30996 ], [ 138.48214, 36.30973 ], [ 138.48122, 36.30962 ], [ 138.48084, 36.30955 ], [ 138.48012, 36.30949 ], [ 138.47962, 36.30944 ], [ 138.47947, 36.30944 ], [ 138.47902, 36.30943 ], [ 138.47853, 36.30942 ], [ 138.47807, 36.30942 ], [ 138.47762, 36.30945 ], [ 138.47643, 36.30954 ], [ 138.47568, 36.30961 ], [ 138.4742, 36.30974 ], [ 138.47178, 36.30996 ], [ 138.4701, 36.31012 ], [ 138.46906, 36.31021 ], [ 138.46797, 36.31028 ], [ 138.4674, 36.31029 ], [ 138.46689, 36.31028 ], [ 138.46635, 36.31025 ], [ 138.46565, 36.31019 ], [ 138.46466, 36.31009 ], [ 138.46459, 36.31008 ], [ 138.46408, 36.31001 ], [ 138.46353, 36.30994 ], [ 138.46127, 36.30965 ], [ 138.46014, 36.3095 ], [ 138.45844, 36.30926 ], [ 138.4568, 36.30902 ], [ 138.4552, 36.30879 ], [ 138.45391, 36.308635 ], [ 138.45262, 36.30848 ], [ 138.45211, 36.30844 ], [ 138.45158, 36.3084 ], [ 138.45104, 36.3084 ], [ 138.45069, 36.30842 ], [ 138.45049, 36.30844 ], [ 138.45016, 36.30848 ], [ 138.44974, 36.30856 ], [ 138.44965, 36.30858 ], [ 138.44935, 36.30866 ], [ 138.44832, 36.309 ], [ 138.44612, 36.30972 ], [ 138.44537, 36.30996 ], [ 138.44492, 36.31011 ], [ 138.44361, 36.31054 ], [ 138.44272, 36.31082 ], [ 138.44105, 36.31133 ], [ 138.43933, 36.31178 ], [ 138.43781, 36.31218 ], [ 138.43695, 36.31242 ], [ 138.43618, 36.31265 ], [ 138.43583, 36.3128 ], [ 138.43559, 36.31291 ], [ 138.43532, 36.31307 ], [ 138.43509, 36.31323 ], [ 138.43502, 36.31328 ], [ 138.43481, 36.31346 ], [ 138.43442, 36.3139 ], [ 138.4343, 36.31404 ], [ 138.43413, 36.31426 ], [ 138.43393, 36.31456 ], [ 138.43351, 36.31522 ], [ 138.43347, 36.3153 ], [ 138.433, 36.31615 ], [ 138.43285, 36.3164 ], [ 138.43271, 36.31662 ], [ 138.43254, 36.31683 ], [ 138.43235, 36.31704 ], [ 138.43197, 36.3174 ], [ 138.43191, 36.31746 ], [ 138.43128, 36.31803 ], [ 138.43091, 36.31836 ], [ 138.43046, 36.31877 ], [ 138.42896, 36.32015 ], [ 138.42755, 36.32145 ], [ 138.42607, 36.3228 ], [ 138.42486, 36.32391 ], [ 138.42386, 36.32483 ], [ 138.42356, 36.32511 ], [ 138.42352, 36.32513 ], [ 138.42333, 36.32523 ], [ 138.42287, 36.32564 ], [ 138.422631, 36.325869 ], [ 138.42241, 36.32608 ], [ 138.42172, 36.32666 ], [ 138.42145, 36.32691 ], [ 138.42109, 36.32727 ], [ 138.42099, 36.32738 ], [ 138.42074, 36.32766 ], [ 138.42007, 36.32844 ], [ 138.42003, 36.3285 ], [ 138.41957, 36.32914 ], [ 138.41941, 36.32936 ], [ 138.41871, 36.33042 ], [ 138.41787, 36.33172 ], [ 138.41761, 36.33212 ], [ 138.41742, 36.33242 ], [ 138.41709, 36.3329 ], [ 138.41704, 36.33296 ], [ 138.41682, 36.33321 ], [ 138.41667, 36.33335 ], [ 138.41654, 36.33348 ], [ 138.41649, 36.33352 ], [ 138.41615, 36.33382 ], [ 138.41585, 36.33403 ], [ 138.41579, 36.33407 ], [ 138.41536, 36.33438 ], [ 138.41463, 36.33482 ], [ 138.41353, 36.33536 ], [ 138.41216, 36.33603 ], [ 138.41118, 36.33646 ], [ 138.4105, 36.33672 ], [ 138.41019, 36.33681 ], [ 138.40994, 36.33686 ], [ 138.40974, 36.33688 ], [ 138.40772, 36.33712 ], [ 138.40652, 36.33725 ], [ 138.40543, 36.33737 ], [ 138.40032, 36.3379 ], [ 138.40028, 36.33791 ], [ 138.40016, 36.33791 ], [ 138.39989, 36.33794 ], [ 138.39799, 36.33813 ], [ 138.39696, 36.33821 ], [ 138.39604, 36.33822 ], [ 138.3953, 36.33818 ], [ 138.39494, 36.33815 ], [ 138.39481, 36.33813 ], [ 138.39416, 36.33802 ], [ 138.39364, 36.33791 ], [ 138.39266, 36.33769 ], [ 138.3926, 36.33768 ], [ 138.39258, 36.33767 ], [ 138.39114, 36.33737 ], [ 138.39078, 36.33731 ], [ 138.39041, 36.33726 ], [ 138.39007, 36.33723 ], [ 138.38966, 36.33722 ], [ 138.38936, 36.33723 ], [ 138.38929, 36.33723 ], [ 138.38897, 36.33726 ], [ 138.3886, 36.33732 ], [ 138.38803, 36.33744 ], [ 138.38756, 36.33757 ], [ 138.38736, 36.33763 ], [ 138.38596, 36.33809 ], [ 138.38586, 36.33812 ], [ 138.3848, 36.33849 ], [ 138.3838, 36.33887 ], [ 138.38286, 36.33922 ], [ 138.38185, 36.33959 ], [ 138.38175, 36.33963 ], [ 138.38091, 36.33994 ], [ 138.38087, 36.33995 ], [ 138.38082, 36.33998 ], [ 138.38079, 36.33998 ], [ 138.37893, 36.34067 ], [ 138.37836, 36.34087 ], [ 138.37779, 36.34104 ], [ 138.37743, 36.34112 ], [ 138.37693, 36.34121 ], [ 138.37647, 36.34125 ], [ 138.37553, 36.34126 ], [ 138.37531, 36.34125 ], [ 138.37491, 36.34124 ], [ 138.37457, 36.34121 ], [ 138.37418, 36.34116 ], [ 138.37363, 36.34108 ], [ 138.37256, 36.3409 ], [ 138.37246, 36.34089 ], [ 138.37242, 36.34088 ], [ 138.37221, 36.34086 ], [ 138.37187, 36.34086 ], [ 138.37118, 36.34088 ], [ 138.3707, 36.34092 ], [ 138.37042, 36.34095 ], [ 138.36819, 36.34123 ], [ 138.36752, 36.34131 ], [ 138.36688, 36.34141 ], [ 138.36622, 36.34153 ], [ 138.36578, 36.34163 ], [ 138.36534, 36.34177 ], [ 138.36499, 36.34191 ], [ 138.36421, 36.34223 ], [ 138.363941, 36.342325 ], [ 138.36356, 36.34246 ], [ 138.36287, 36.34268 ], [ 138.36214, 36.34284 ], [ 138.36159, 36.34295 ], [ 138.36111, 36.34301 ], [ 138.36055, 36.34308 ], [ 138.35959, 36.34315 ], [ 138.3554, 36.34328 ], [ 138.35263, 36.34338 ], [ 138.35231, 36.3434 ], [ 138.35189, 36.34342 ], [ 138.35167, 36.34344 ], [ 138.35157, 36.34345 ], [ 138.35121, 36.3435 ], [ 138.3508, 36.34359 ], [ 138.35032, 36.3437 ], [ 138.34991, 36.34385 ], [ 138.34921, 36.34414 ], [ 138.34865, 36.34445 ], [ 138.34819, 36.34471 ], [ 138.34766, 36.34506 ], [ 138.3465, 36.3459 ], [ 138.34441, 36.34742 ], [ 138.34294, 36.34849 ], [ 138.34271, 36.34866 ], [ 138.34143, 36.34961 ], [ 138.34065, 36.35018 ], [ 138.34005, 36.35056 ], [ 138.33969, 36.35077 ], [ 138.3394, 36.35091 ], [ 138.3391, 36.35103 ], [ 138.33831, 36.35128 ], [ 138.33776, 36.35143 ], [ 138.33722, 36.35157 ], [ 138.33571, 36.35192 ], [ 138.3341, 36.35234 ], [ 138.33343, 36.35255 ], [ 138.33301, 36.35269 ], [ 138.33207, 36.35301 ], [ 138.33142, 36.35324 ], [ 138.33096, 36.35344 ], [ 138.33037, 36.35374 ], [ 138.32921, 36.354415 ], [ 138.32805, 36.35509 ], [ 138.32733, 36.35554 ], [ 138.3265, 36.3561 ], [ 138.32615, 36.35633 ], [ 138.32498, 36.35713 ], [ 138.3246, 36.3574 ], [ 138.32416, 36.35775 ], [ 138.32354, 36.35832 ], [ 138.32296, 36.35882 ], [ 138.32271, 36.35903 ], [ 138.32239, 36.35931 ], [ 138.32214, 36.35948 ], [ 138.32184, 36.35967 ], [ 138.32144, 36.35987 ], [ 138.32078, 36.36015 ], [ 138.31983, 36.3605 ], [ 138.31903, 36.36072 ], [ 138.31815, 36.36098 ], [ 138.31689, 36.36148 ], [ 138.31495, 36.36235 ], [ 138.31303, 36.3633 ], [ 138.31236, 36.36363 ], [ 138.31164, 36.36396 ], [ 138.30977, 36.36486 ], [ 138.30916, 36.36512 ], [ 138.30824, 36.3655 ], [ 138.30649, 36.36612 ], [ 138.30354, 36.36716 ], [ 138.30312, 36.36731 ], [ 138.30211, 36.36768 ], [ 138.30154, 36.36789 ], [ 138.29962, 36.36867 ], [ 138.29871, 36.36904 ], [ 138.29713, 36.36959 ], [ 138.29555, 36.37014 ], [ 138.29331, 36.37072 ], [ 138.29, 36.37166 ], [ 138.28969, 36.37175 ], [ 138.28744, 36.3724 ], [ 138.28739, 36.37241 ], [ 138.28507, 36.37311 ], [ 138.28302, 36.37371 ], [ 138.28181, 36.37409 ], [ 138.28077, 36.37448 ], [ 138.27893, 36.37552 ], [ 138.27752, 36.3763 ], [ 138.27711, 36.37653 ], [ 138.27681, 36.37669 ], [ 138.27629, 36.37697 ], [ 138.27602, 36.37712 ], [ 138.27521, 36.37755 ], [ 138.27471, 36.37783 ], [ 138.273835, 36.37832 ], [ 138.27296, 36.37881 ], [ 138.27198, 36.37936 ], [ 138.27108, 36.37985 ], [ 138.2687, 36.38117 ], [ 138.2677, 36.38173 ], [ 138.2648, 36.38344 ], [ 138.26416, 36.38391 ], [ 138.26313, 36.38475 ], [ 138.2629, 36.38494 ], [ 138.26212, 36.38558 ], [ 138.25959, 36.38773 ], [ 138.25918, 36.38808 ], [ 138.25692, 36.39001 ], [ 138.25661, 36.39029 ], [ 138.25521, 36.3915 ], [ 138.25417, 36.39241 ], [ 138.25278, 36.39359 ], [ 138.25198, 36.39428 ], [ 138.2514, 36.39479 ], [ 138.250258, 36.395752 ], [ 138.24912, 36.39672 ], [ 138.2487, 36.39712 ], [ 138.24777, 36.39802 ], [ 138.24723, 36.39854 ], [ 138.24696, 36.3988 ], [ 138.24688, 36.39887 ], [ 138.2462, 36.39952 ], [ 138.24586, 36.39979 ], [ 138.24492, 36.40047 ], [ 138.24449, 36.40075 ], [ 138.24392, 36.40109 ], [ 138.24326, 36.40146 ], [ 138.24142, 36.40242 ], [ 138.2402, 36.40304 ], [ 138.23676, 36.40477 ], [ 138.23437, 36.40604 ], [ 138.2339, 36.40629 ], [ 138.23167, 36.40744 ], [ 138.23057, 36.40807 ], [ 138.22807, 36.40944 ], [ 138.22663, 36.4102 ], [ 138.22544, 36.41079 ], [ 138.22456, 36.41114 ], [ 138.22413, 36.41131 ], [ 138.22025, 36.41277 ], [ 138.21448, 36.41488 ], [ 138.21164, 36.41591 ], [ 138.21007, 36.41649 ], [ 138.209055, 36.416875 ], [ 138.20804, 36.41726 ], [ 138.20676, 36.41773 ], [ 138.20308, 36.41909 ], [ 138.20129, 36.41978 ], [ 138.1982, 36.42091 ], [ 138.19782, 36.42104 ], [ 138.19768, 36.42109 ], [ 138.19722, 36.42125 ], [ 138.19647, 36.42151 ], [ 138.19613, 36.42168 ], [ 138.1958, 36.42188 ], [ 138.19543, 36.42214 ], [ 138.19502, 36.42248 ], [ 138.19475, 36.42271 ], [ 138.19398, 36.42347 ], [ 138.19336, 36.42414 ], [ 138.19316, 36.42439 ], [ 138.19295, 36.42466 ], [ 138.19275, 36.42498 ], [ 138.19261, 36.42523 ], [ 138.19231, 36.42591 ], [ 138.19164, 36.42783 ], [ 138.19069, 36.43063 ], [ 138.19049, 36.43121 ], [ 138.19, 36.43266 ], [ 138.18955, 36.43427 ], [ 138.1893, 36.43513 ], [ 138.18884, 36.43735 ], [ 138.18877, 36.43789 ], [ 138.18844, 36.43945 ], [ 138.18833, 36.43996 ], [ 138.1882, 36.44058 ], [ 138.18807, 36.4412 ], [ 138.1874, 36.44456 ], [ 138.18723, 36.44517 ], [ 138.18718, 36.44544 ], [ 138.18675, 36.44755 ], [ 138.18624, 36.45009 ], [ 138.18602, 36.45118 ], [ 138.18496, 36.45621 ], [ 138.18464, 36.45787 ], [ 138.18446, 36.45863 ], [ 138.18432, 36.45897 ], [ 138.18428, 36.45906 ], [ 138.18408, 36.45934 ], [ 138.18242, 36.46104 ], [ 138.18145, 36.46198 ], [ 138.18048, 36.46292 ], [ 138.18025, 36.46312 ], [ 138.18002, 36.46332 ], [ 138.17941, 36.46382 ], [ 138.17917, 36.464 ], [ 138.17904, 36.46408 ], [ 138.17884, 36.46419 ], [ 138.17864, 36.46428 ], [ 138.17831, 36.46441 ], [ 138.17779, 36.46461 ], [ 138.17723, 36.4648 ], [ 138.17699, 36.46487 ], [ 138.17671, 36.46496 ], [ 138.17613, 36.46512 ], [ 138.1759, 36.46518 ], [ 138.17572, 36.46522 ], [ 138.1754, 36.46531 ], [ 138.17515, 36.46538 ], [ 138.17227, 36.4662 ], [ 138.17103, 36.4665 ], [ 138.17009, 36.46678 ], [ 138.16947, 36.46699 ], [ 138.16837, 36.46745 ], [ 138.16762, 36.46778 ], [ 138.16691, 36.46822 ], [ 138.16671, 36.46836 ], [ 138.16663, 36.46842 ], [ 138.16636, 36.46866 ], [ 138.16587, 36.46913 ], [ 138.16523, 36.46983 ], [ 138.16421, 36.47092 ], [ 138.16388, 36.4712 ], [ 138.163, 36.47184 ], [ 138.16097, 36.47327 ], [ 138.16089, 36.47333 ], [ 138.16058, 36.47355 ], [ 138.16049, 36.47362 ], [ 138.16011, 36.47395 ], [ 138.1598, 36.47428 ], [ 138.15958, 36.47455 ], [ 138.15946, 36.47469 ], [ 138.1592, 36.47506 ], [ 138.15902, 36.47535 ], [ 138.15889, 36.4756 ], [ 138.15867, 36.47609 ], [ 138.15834, 36.47696 ], [ 138.15809, 36.47779 ], [ 138.15777, 36.47872 ], [ 138.15701, 36.48101 ], [ 138.15653, 36.48244 ], [ 138.15631, 36.48313 ], [ 138.1563, 36.48317 ], [ 138.15557, 36.48531 ], [ 138.15472, 36.48795 ], [ 138.15444, 36.48883 ], [ 138.1539, 36.49044 ], [ 138.15357, 36.49142 ], [ 138.15346, 36.49184 ], [ 138.15316, 36.49264 ], [ 138.15308, 36.4929 ], [ 138.153054, 36.492968 ], [ 138.15263, 36.49409 ], [ 138.15243, 36.49452 ], [ 138.1523, 36.4948 ], [ 138.15214, 36.49514 ], [ 138.15209, 36.49525 ], [ 138.15182, 36.49573 ], [ 138.15157, 36.49618 ], [ 138.15111, 36.49691 ], [ 138.15093, 36.49718 ], [ 138.15005, 36.49849 ], [ 138.14999, 36.49858 ], [ 138.14835, 36.50101 ], [ 138.14694, 36.5031 ], [ 138.14607, 36.50405 ], [ 138.14459, 36.50569 ], [ 138.1435, 36.5069 ], [ 138.14215, 36.50842 ], [ 138.14194, 36.50865 ], [ 138.14181, 36.5088 ], [ 138.141445, 36.509205 ], [ 138.14108, 36.50961 ], [ 138.14082, 36.50991 ], [ 138.13944, 36.51141 ], [ 138.13847, 36.51249 ], [ 138.13805, 36.51296 ], [ 138.13765, 36.51339 ], [ 138.13729, 36.51373 ], [ 138.13645, 36.5145 ], [ 138.13558, 36.51517 ], [ 138.13527, 36.51542 ], [ 138.13524, 36.51544 ], [ 138.13494, 36.51568 ], [ 138.13441, 36.51621 ], [ 138.13395, 36.51678 ], [ 138.13354, 36.51731 ], [ 138.13325, 36.51783 ], [ 138.13286, 36.51866 ], [ 138.13226, 36.52013 ], [ 138.13182, 36.5212 ], [ 138.13131, 36.52241 ], [ 138.13079, 36.52361 ], [ 138.13061, 36.52401 ], [ 138.13032, 36.52472 ], [ 138.12999, 36.52559 ], [ 138.12972, 36.52642 ], [ 138.12942, 36.52767 ], [ 138.12915, 36.52879 ], [ 138.12866, 36.53077 ], [ 138.1285, 36.53142 ], [ 138.12836, 36.53188 ], [ 138.128162, 36.532556 ], [ 138.12812, 36.5327 ], [ 138.12782, 36.53369 ], [ 138.12747, 36.53493 ], [ 138.12726, 36.53591 ], [ 138.12726, 36.53623 ], [ 138.1273, 36.53666 ], [ 138.12735, 36.53689 ], [ 138.12753, 36.53734 ], [ 138.12782, 36.53785 ], [ 138.12836, 36.53862 ], [ 138.12877, 36.53919 ], [ 138.12919, 36.53976 ], [ 138.12935, 36.54003 ], [ 138.12958, 36.54048 ], [ 138.12983, 36.54096 ], [ 138.13011, 36.54162 ], [ 138.13032, 36.5421 ], [ 138.1304, 36.54228 ], [ 138.13089, 36.54361 ], [ 138.13134, 36.54491 ], [ 138.13161, 36.54561 ], [ 138.1323, 36.54744 ], [ 138.13249, 36.547955 ], [ 138.13268, 36.54847 ], [ 138.13291, 36.54911 ], [ 138.1331, 36.54958 ], [ 138.13348, 36.55056 ], [ 138.1339, 36.55169 ], [ 138.134, 36.55217 ], [ 138.13411, 36.55265 ], [ 138.13416, 36.55323 ], [ 138.13413, 36.554 ], [ 138.13399, 36.55519 ], [ 138.13387, 36.5558 ], [ 138.13342, 36.55787 ], [ 138.13334, 36.55828 ], [ 138.13314, 36.55939 ], [ 138.13305, 36.5598 ], [ 138.13286, 36.56096 ], [ 138.1328, 36.56141 ], [ 138.13275, 36.56174 ], [ 138.13277, 36.5623 ], [ 138.13291, 36.56328 ], [ 138.13305, 36.56409 ], [ 138.13318, 36.56452 ], [ 138.13328, 36.56481 ], [ 138.13346, 36.56524 ], [ 138.13362, 36.56562 ], [ 138.13374, 36.5659 ], [ 138.13402, 36.56661 ], [ 138.13426, 36.56723 ], [ 138.13455, 36.56799 ], [ 138.13497, 36.56906 ], [ 138.13521, 36.56967 ], [ 138.13552, 36.57048 ], [ 138.13565, 36.57082 ], [ 138.13602, 36.57173 ], [ 138.13626, 36.5723 ], [ 138.1366, 36.57314 ], [ 138.13679, 36.5736 ], [ 138.13694, 36.57405 ], [ 138.13715, 36.57452 ], [ 138.13765, 36.57581 ], [ 138.13796, 36.57666 ], [ 138.138127, 36.577106 ], [ 138.13861, 36.5784 ], [ 138.13936, 36.58034 ], [ 138.1398, 36.58144 ], [ 138.1403, 36.58277 ], [ 138.14074, 36.58387 ], [ 138.14177, 36.58643 ], [ 138.14226, 36.58765 ], [ 138.14283, 36.58908 ], [ 138.14325, 36.59021 ], [ 138.1438, 36.59163 ], [ 138.14495, 36.59454 ], [ 138.14508, 36.59488 ], [ 138.14521, 36.59522 ], [ 138.14586, 36.59686 ], [ 138.14635, 36.59809 ], [ 138.14697, 36.59967 ], [ 138.14781, 36.60186 ], [ 138.14852, 36.60377 ], [ 138.14853, 36.60382 ], [ 138.14858, 36.60402 ], [ 138.14877, 36.60489 ], [ 138.14893, 36.6056 ], [ 138.14945, 36.60807 ], [ 138.14956, 36.60851 ], [ 138.14965, 36.60894 ], [ 138.14986, 36.60995 ], [ 138.15035, 36.61239 ], [ 138.15051, 36.6132 ], [ 138.1507, 36.61409 ], [ 138.15089, 36.61498 ], [ 138.1512, 36.61629 ], [ 138.15176, 36.61848 ], [ 138.15204, 36.6194 ], [ 138.15251, 36.62104 ], [ 138.15302, 36.62276 ], [ 138.15324, 36.6235 ], [ 138.15342, 36.62411 ], [ 138.15357, 36.62454 ], [ 138.15369, 36.62482 ], [ 138.15387, 36.62519 ], [ 138.15404, 36.62548 ], [ 138.15423, 36.62572 ], [ 138.1547, 36.62617 ], [ 138.15519, 36.62657 ], [ 138.15578, 36.62694 ], [ 138.15672, 36.62749 ], [ 138.15791, 36.62813 ], [ 138.15926, 36.62888 ], [ 138.16023, 36.6294 ], [ 138.16074, 36.62969 ], [ 138.16138, 36.63003 ], [ 138.16182, 36.63027 ], [ 138.16226, 36.63051 ], [ 138.16392, 36.63141 ], [ 138.16529, 36.63215 ], [ 138.1661, 36.63261 ], [ 138.16753, 36.63338 ], [ 138.16868, 36.63405 ], [ 138.17111, 36.6355 ], [ 138.17136, 36.63565 ], [ 138.17325, 36.63674 ], [ 138.17386, 36.63703 ], [ 138.17476, 36.63741 ], [ 138.17575, 36.63778 ], [ 138.1765, 36.63797 ], [ 138.17836, 36.63832 ], [ 138.17952, 36.63851 ], [ 138.17998, 36.63859 ], [ 138.18057, 36.63872 ], [ 138.18097, 36.63885 ], [ 138.1816, 36.63904 ], [ 138.18239, 36.63937 ], [ 138.18304, 36.63975 ], [ 138.18361, 36.64012 ], [ 138.18422, 36.64051 ], [ 138.18602, 36.64164 ], [ 138.18778, 36.64276 ], [ 138.18885, 36.64346 ], [ 138.18992, 36.64416 ], [ 138.19025, 36.64438 ], [ 138.19104, 36.64489 ], [ 138.19265, 36.64594 ], [ 138.19276, 36.64601 ], [ 138.19313, 36.64625 ], [ 138.19409, 36.64686 ], [ 138.19501, 36.64745 ], [ 138.19639, 36.64832 ], [ 138.19914, 36.6501 ], [ 138.19983, 36.65052 ], [ 138.20125, 36.65143 ], [ 138.20185, 36.65182 ], [ 138.20324, 36.65273 ], [ 138.20492, 36.6538 ], [ 138.20537, 36.65408 ], [ 138.20557, 36.65421 ], [ 138.20771, 36.6556 ], [ 138.20816, 36.6559 ], [ 138.20876, 36.65629 ], [ 138.21033, 36.65733 ], [ 138.21348, 36.65935 ], [ 138.21551, 36.66065 ], [ 138.21746, 36.66187 ], [ 138.21864, 36.6626 ], [ 138.21943, 36.66309 ], [ 138.21984, 36.66335 ], [ 138.22029, 36.66362 ], [ 138.22161, 36.66439 ], [ 138.22265, 36.66507 ], [ 138.22369, 36.66575 ], [ 138.22463, 36.66637 ], [ 138.22588, 36.66721 ], [ 138.22811, 36.66869 ], [ 138.22868, 36.66909 ], [ 138.22953, 36.66963 ], [ 138.22967, 36.66975 ], [ 138.23047, 36.67026 ], [ 138.23068, 36.67041 ], [ 138.23169, 36.67105 ], [ 138.23218, 36.67139 ], [ 138.23275, 36.67182 ], [ 138.23334, 36.67255 ], [ 138.23361, 36.67288 ], [ 138.23395, 36.67334 ], [ 138.23489, 36.67463 ], [ 138.23515, 36.67497 ], [ 138.23562, 36.67561 ], [ 138.23573, 36.67576 ], [ 138.23641, 36.67667 ], [ 138.23646, 36.67673 ], [ 138.23675, 36.67713 ], [ 138.23705, 36.67752 ], [ 138.23715, 36.67765 ], [ 138.23743, 36.67802 ], [ 138.23765, 36.67831 ], [ 138.23866, 36.67967 ], [ 138.23916, 36.68037 ], [ 138.23928, 36.68053 ], [ 138.23972, 36.68113 ], [ 138.24007, 36.68159 ], [ 138.24044, 36.68208 ], [ 138.24129, 36.68322 ], [ 138.24148, 36.68345 ], [ 138.24194, 36.68407 ], [ 138.24251, 36.68482 ], [ 138.24302, 36.68553 ], [ 138.24307, 36.68559 ], [ 138.24321, 36.68576 ], [ 138.24355, 36.6862 ], [ 138.243981, 36.686641 ], [ 138.2448, 36.68748 ], [ 138.24582, 36.68831 ], [ 138.24649, 36.68885 ], [ 138.24667, 36.689 ], [ 138.24687, 36.68918 ], [ 138.24828, 36.69031 ], [ 138.24877, 36.6907 ], [ 138.24909, 36.69095 ], [ 138.24933, 36.69113 ], [ 138.24998, 36.69163 ], [ 138.25141, 36.69274 ], [ 138.25335, 36.69424 ], [ 138.25569, 36.69604 ], [ 138.25783, 36.6977 ], [ 138.25801, 36.69785 ], [ 138.25847, 36.69819 ], [ 138.25871, 36.69838 ], [ 138.25889, 36.69854 ], [ 138.25906, 36.69868 ], [ 138.25922, 36.69882 ], [ 138.25974, 36.6993 ], [ 138.26159, 36.70106 ], [ 138.26331, 36.70271 ], [ 138.26478, 36.70412 ], [ 138.26532, 36.70462 ], [ 138.26625, 36.70551 ], [ 138.26801, 36.70716 ], [ 138.2682, 36.70732 ], [ 138.26831, 36.70742 ], [ 138.26855, 36.70758 ], [ 138.2687, 36.70769 ], [ 138.26879, 36.70775 ], [ 138.26898, 36.70787 ], [ 138.26911, 36.70794 ], [ 138.27031, 36.70858 ], [ 138.27191, 36.70936 ], [ 138.27335, 36.71004 ], [ 138.27381, 36.71026 ], [ 138.27451, 36.71059 ], [ 138.27556, 36.711095 ], [ 138.27661, 36.7116 ], [ 138.2769, 36.71173 ], [ 138.27811, 36.71231 ], [ 138.27897, 36.71272 ], [ 138.28042, 36.7134 ], [ 138.28098, 36.71366 ], [ 138.28286, 36.71455 ], [ 138.28485, 36.71551 ], [ 138.28707, 36.71658 ], [ 138.28926, 36.71761 ], [ 138.2896, 36.7178 ], [ 138.28996, 36.71799 ], [ 138.29041, 36.71842 ], [ 138.29049, 36.71851 ], [ 138.29062, 36.71867 ], [ 138.29073, 36.71879 ], [ 138.29084, 36.71898 ], [ 138.29099, 36.71926 ], [ 138.29114, 36.71962 ], [ 138.29122, 36.71991 ], [ 138.29127, 36.72014 ], [ 138.29131, 36.72037 ], [ 138.29132, 36.72062 ], [ 138.29132, 36.72088 ], [ 138.2913, 36.72109 ], [ 138.29127, 36.72126 ], [ 138.29123, 36.72149 ], [ 138.29119, 36.72166 ], [ 138.29114, 36.72185 ], [ 138.2911, 36.72199 ], [ 138.29103, 36.72222 ], [ 138.29092, 36.72246 ], [ 138.2908, 36.72276 ], [ 138.29073, 36.7229 ], [ 138.29061, 36.7232 ], [ 138.28989, 36.72491 ], [ 138.28937, 36.72617 ], [ 138.28928, 36.7264 ], [ 138.28921, 36.72654 ], [ 138.2891, 36.72676 ], [ 138.28896, 36.72707 ], [ 138.28873, 36.72746 ], [ 138.28866, 36.72758 ], [ 138.2885, 36.72779 ], [ 138.28841, 36.72789 ], [ 138.28826, 36.72805 ], [ 138.28804, 36.72824 ], [ 138.28779, 36.72845 ], [ 138.28719, 36.72883 ], [ 138.28695, 36.72896 ], [ 138.28672, 36.72907 ], [ 138.28601, 36.72933 ], [ 138.28544, 36.72953 ], [ 138.28474, 36.72978 ], [ 138.2843, 36.72994 ], [ 138.28359, 36.7302 ], [ 138.28307, 36.73039 ], [ 138.28273, 36.7305 ], [ 138.28195, 36.73076 ], [ 138.28173, 36.73082 ], [ 138.28142, 36.73089 ], [ 138.2812, 36.73092 ], [ 138.28084, 36.73096 ], [ 138.28061, 36.73098 ], [ 138.2803, 36.73097 ], [ 138.28001, 36.73096 ], [ 138.27985, 36.73096 ], [ 138.27958, 36.73093 ], [ 138.27939, 36.7309 ], [ 138.27919, 36.73087 ], [ 138.27897, 36.73083 ], [ 138.27878, 36.73081 ], [ 138.27854, 36.7308 ], [ 138.27813, 36.7308 ], [ 138.27781, 36.73079 ], [ 138.27731, 36.73081 ], [ 138.27711, 36.73085 ], [ 138.27676, 36.73092 ], [ 138.27648, 36.73097 ], [ 138.27634, 36.73101 ], [ 138.27615, 36.73106 ], [ 138.27598, 36.73112 ], [ 138.27576, 36.73121 ], [ 138.27553, 36.73131 ], [ 138.27532, 36.73142 ], [ 138.27508, 36.73154 ], [ 138.27496, 36.73157 ], [ 138.27479, 36.73164 ], [ 138.27455, 36.73174 ], [ 138.27442, 36.73179 ], [ 138.27428, 36.73183 ], [ 138.27408, 36.73188 ], [ 138.27393, 36.73193 ], [ 138.27376, 36.73196 ], [ 138.2737, 36.73198 ], [ 138.27352, 36.73201 ], [ 138.27339, 36.73204 ], [ 138.2732, 36.73207 ], [ 138.27301, 36.73211 ], [ 138.27277, 36.73216 ], [ 138.27265, 36.7322 ], [ 138.27248, 36.73225 ], [ 138.27232, 36.7323 ], [ 138.27217, 36.73235 ], [ 138.27203, 36.73241 ], [ 138.27188, 36.7325 ], [ 138.27171, 36.73259 ], [ 138.27088, 36.73304 ], [ 138.26999, 36.73354 ], [ 138.26886, 36.73414 ], [ 138.26822, 36.73448 ], [ 138.26767, 36.73477 ], [ 138.26746, 36.73489 ], [ 138.26721, 36.73502 ], [ 138.26698, 36.73514 ], [ 138.26673, 36.73527 ], [ 138.26644, 36.73541 ], [ 138.26615, 36.73553 ], [ 138.26546, 36.73582 ], [ 138.26523, 36.73591 ], [ 138.26511, 36.73597 ], [ 138.26484, 36.7361 ], [ 138.26458, 36.73623 ], [ 138.2644, 36.73633 ], [ 138.26426, 36.73641 ], [ 138.26422, 36.73644 ], [ 138.26413, 36.73651 ], [ 138.26397, 36.73662 ], [ 138.26389, 36.73671 ], [ 138.26383, 36.7368 ], [ 138.26378, 36.73687 ], [ 138.2637, 36.737 ], [ 138.26362, 36.73713 ], [ 138.26355, 36.7373 ], [ 138.26345, 36.73749 ], [ 138.26335, 36.73771 ], [ 138.26323, 36.738 ], [ 138.26321, 36.73807 ], [ 138.26315, 36.73824 ], [ 138.26308, 36.73849 ], [ 138.263, 36.73871 ], [ 138.26291, 36.7389 ], [ 138.26287, 36.73898 ], [ 138.2628, 36.7391 ], [ 138.26273, 36.73922 ], [ 138.26263, 36.73934 ], [ 138.26256, 36.73944 ], [ 138.26246, 36.73957 ], [ 138.26238, 36.73968 ], [ 138.26232, 36.73977 ], [ 138.26231, 36.73979 ], [ 138.26226, 36.73988 ], [ 138.2622, 36.73997 ], [ 138.26215, 36.74005 ], [ 138.26209, 36.74013 ], [ 138.26205, 36.74021 ], [ 138.26199, 36.74035 ], [ 138.26192, 36.74054 ], [ 138.26186, 36.74072 ], [ 138.26183, 36.7409 ], [ 138.26181, 36.74115 ], [ 138.2618, 36.74135 ], [ 138.26179, 36.74147 ], [ 138.26179, 36.74163 ], [ 138.26178, 36.74207 ], [ 138.26176, 36.74235 ], [ 138.26173, 36.74261 ], [ 138.26161, 36.74322 ], [ 138.26154, 36.74339 ], [ 138.26148, 36.7435 ], [ 138.26139, 36.74367 ], [ 138.26128, 36.74384 ], [ 138.26113, 36.74399 ], [ 138.26086, 36.74427 ], [ 138.26051, 36.74457 ], [ 138.26035, 36.74469 ], [ 138.25981, 36.74501 ], [ 138.25961, 36.74511 ], [ 138.25944, 36.74521 ], [ 138.25928, 36.74529 ], [ 138.25914, 36.74537 ], [ 138.25849, 36.74566 ], [ 138.2581, 36.74583 ], [ 138.2579, 36.74592 ], [ 138.25745, 36.74609 ], [ 138.25715, 36.74621 ], [ 138.25671, 36.74638 ], [ 138.2565, 36.74646 ], [ 138.25637, 36.74652 ], [ 138.25628, 36.74656 ], [ 138.25599, 36.7467 ], [ 138.25581, 36.74682 ], [ 138.25569, 36.74692 ], [ 138.25559, 36.74702 ], [ 138.25547, 36.74714 ], [ 138.25534, 36.74728 ], [ 138.25522, 36.74742 ], [ 138.25512, 36.74757 ], [ 138.25507, 36.74765 ], [ 138.25499, 36.74783 ], [ 138.25493, 36.74798 ], [ 138.25486, 36.7482 ], [ 138.25464, 36.74875 ], [ 138.25454, 36.74898 ], [ 138.25446, 36.74915 ], [ 138.25438, 36.74927 ], [ 138.25423, 36.74949 ], [ 138.25412, 36.74962 ], [ 138.25392, 36.74981 ], [ 138.2537, 36.74999 ], [ 138.25353, 36.75012 ], [ 138.2534, 36.75019 ], [ 138.25321, 36.75029 ], [ 138.25301, 36.7504 ], [ 138.25279, 36.75056 ], [ 138.25266, 36.75065 ], [ 138.25249, 36.75078 ], [ 138.2524, 36.75085 ], [ 138.2523, 36.75095 ], [ 138.25214, 36.75111 ], [ 138.25202, 36.75125 ], [ 138.25188, 36.75141 ], [ 138.25167, 36.75166 ], [ 138.25153, 36.75184 ], [ 138.25132, 36.75208 ], [ 138.25117, 36.75226 ], [ 138.251, 36.75239 ], [ 138.25083, 36.75253 ], [ 138.25069, 36.75261 ], [ 138.25057, 36.75266 ], [ 138.25045, 36.75271 ], [ 138.25028, 36.75278 ], [ 138.25013, 36.75283 ], [ 138.2499, 36.7529 ], [ 138.24958, 36.75299 ], [ 138.24935, 36.75308 ], [ 138.24928, 36.7531 ], [ 138.24924, 36.75312 ], [ 138.24919, 36.75312 ], [ 138.24907, 36.75313 ], [ 138.24887, 36.75313 ], [ 138.24724, 36.75321 ], [ 138.24687, 36.75323 ], [ 138.24678, 36.753227 ], [ 138.24632, 36.75321 ], [ 138.24582, 36.75316 ], [ 138.24485, 36.75308 ], [ 138.24304, 36.75298 ], [ 138.24193, 36.75292 ], [ 138.24157, 36.75289 ], [ 138.24104, 36.75281 ], [ 138.24043, 36.75266 ], [ 138.23961, 36.75245 ], [ 138.23932, 36.75237 ], [ 138.23793, 36.75201 ], [ 138.23755, 36.7519 ], [ 138.23684, 36.75171 ], [ 138.23655, 36.75164 ], [ 138.23617, 36.75157 ], [ 138.23588, 36.75152 ], [ 138.23553, 36.75147 ], [ 138.23541, 36.75146 ], [ 138.23489, 36.75146 ], [ 138.23451, 36.7515 ], [ 138.23419, 36.75153 ], [ 138.23372, 36.75161 ], [ 138.23339, 36.75168 ], [ 138.23309, 36.75173 ], [ 138.23216, 36.75192 ], [ 138.23162, 36.75206 ], [ 138.23138, 36.75214 ], [ 138.2308, 36.7523 ], [ 138.23074, 36.75232 ], [ 138.2306, 36.75235 ], [ 138.23012, 36.75254 ], [ 138.22998, 36.75259 ], [ 138.22988, 36.75264 ], [ 138.22982, 36.75267 ], [ 138.22961, 36.75276 ], [ 138.22951, 36.75281 ], [ 138.22909, 36.75301 ], [ 138.22897, 36.75308 ], [ 138.22819, 36.75355 ], [ 138.22754, 36.75396 ], [ 138.22697, 36.75435 ], [ 138.2267, 36.75459 ], [ 138.22662, 36.75468 ], [ 138.22642, 36.75489 ], [ 138.22633, 36.75501 ], [ 138.22607, 36.75555 ], [ 138.22591, 36.75606 ], [ 138.2252, 36.75798 ], [ 138.22457, 36.75971 ], [ 138.22434, 36.76032 ], [ 138.22424, 36.76052 ], [ 138.22386, 36.76118 ], [ 138.22371, 36.76142 ], [ 138.22358, 36.76161 ], [ 138.22344, 36.76178 ], [ 138.22319, 36.76205 ], [ 138.223, 36.76231 ], [ 138.22285, 36.76258 ], [ 138.22279, 36.76277 ], [ 138.22274, 36.76299 ], [ 138.22273, 36.76306 ], [ 138.22271, 36.76334 ], [ 138.22273, 36.76377 ], [ 138.22278, 36.764 ], [ 138.22286, 36.76422 ], [ 138.22295, 36.76439 ], [ 138.22304, 36.76457 ], [ 138.22321, 36.76481 ], [ 138.22336, 36.76497 ], [ 138.22373, 36.76538 ], [ 138.22388, 36.76556 ], [ 138.22409, 36.76587 ], [ 138.2244, 36.76643 ], [ 138.22469, 36.76695 ], [ 138.22487, 36.76739 ], [ 138.22497, 36.76763 ], [ 138.22512, 36.76788 ], [ 138.22536, 36.76826 ], [ 138.2256, 36.76856 ], [ 138.22596, 36.76893 ], [ 138.22645, 36.7694 ], [ 138.22694, 36.76981 ], [ 138.22753, 36.77024 ], [ 138.22811, 36.77066 ], [ 138.22844, 36.7709 ], [ 138.22847, 36.77092 ], [ 138.22871, 36.7711 ], [ 138.22907, 36.77138 ], [ 138.22939, 36.77165 ], [ 138.22973, 36.77197 ], [ 138.22994, 36.77225 ], [ 138.23015, 36.77257 ], [ 138.2303, 36.77284 ], [ 138.23042, 36.77312 ], [ 138.23053, 36.77349 ], [ 138.23056, 36.77372 ], [ 138.23056, 36.77424 ], [ 138.23056, 36.77477 ], [ 138.23055, 36.77506 ], [ 138.23047, 36.7757 ], [ 138.23043, 36.77602 ], [ 138.23036, 36.77683 ], [ 138.23033, 36.77727 ], [ 138.23034, 36.77781 ], [ 138.23037, 36.77809 ], [ 138.2304, 36.77827 ], [ 138.23046, 36.77844 ], [ 138.23057, 36.77876 ], [ 138.23065, 36.77898 ], [ 138.23067, 36.77903 ], [ 138.23095, 36.77993 ], [ 138.23138, 36.78124 ], [ 138.23147, 36.78158 ], [ 138.2315, 36.78192 ], [ 138.23151, 36.78215 ], [ 138.23146, 36.78247 ], [ 138.2314, 36.78276 ], [ 138.23119, 36.78324 ], [ 138.23104, 36.78351 ], [ 138.23081, 36.78396 ], [ 138.23068, 36.78417 ], [ 138.23041, 36.78465 ], [ 138.23027, 36.78497 ], [ 138.2301, 36.78536 ], [ 138.22998, 36.78567 ], [ 138.22994, 36.78585 ], [ 138.22993, 36.78606 ], [ 138.22992, 36.7868 ], [ 138.22992, 36.78782 ], [ 138.22995, 36.78815 ], [ 138.23015, 36.78958 ], [ 138.23027, 36.79043 ], [ 138.23042, 36.79158 ], [ 138.23046, 36.79188 ], [ 138.230516, 36.792435 ], [ 138.23052, 36.79247 ], [ 138.23054, 36.79279 ], [ 138.23047, 36.79329 ], [ 138.23031, 36.79371 ], [ 138.2301, 36.79409 ], [ 138.2299, 36.79439 ], [ 138.22959, 36.79478 ], [ 138.2291, 36.79532 ], [ 138.22888, 36.79553 ], [ 138.22855, 36.79584 ], [ 138.22794, 36.79639 ], [ 138.22754, 36.79674 ], [ 138.22732, 36.79694 ], [ 138.22702, 36.79714 ], [ 138.22677, 36.79726 ], [ 138.22626, 36.79747 ], [ 138.22617, 36.7975 ], [ 138.22572, 36.79765 ], [ 138.22532, 36.79773 ], [ 138.2247, 36.79781 ], [ 138.22394, 36.79786 ], [ 138.22333, 36.79783 ], [ 138.22198, 36.79774 ], [ 138.2209, 36.79766 ], [ 138.21996, 36.79758 ], [ 138.21845, 36.79747 ], [ 138.21806, 36.79746 ], [ 138.21767, 36.79748 ], [ 138.21688, 36.79763 ], [ 138.21663, 36.7977 ], [ 138.21638, 36.79781 ], [ 138.21616, 36.79791 ], [ 138.21586, 36.79808 ], [ 138.2155, 36.79837 ], [ 138.21549, 36.79838 ], [ 138.21465, 36.79905 ], [ 138.21414, 36.79948 ], [ 138.21315, 36.80029 ], [ 138.21231, 36.80097 ], [ 138.21166, 36.80148 ], [ 138.21121, 36.80183 ], [ 138.21094, 36.80202 ], [ 138.2106, 36.80217 ], [ 138.21024, 36.80227 ], [ 138.20974, 36.80238 ], [ 138.20923, 36.80245 ], [ 138.20883, 36.80248 ], [ 138.20838, 36.8025 ], [ 138.20761, 36.80249 ], [ 138.20633, 36.80247 ], [ 138.20601, 36.80245 ], [ 138.20559, 36.80242 ], [ 138.2048, 36.80243 ], [ 138.20424, 36.80253 ], [ 138.20387, 36.80264 ], [ 138.20324, 36.80292 ], [ 138.20276, 36.80318 ], [ 138.2022, 36.80356 ], [ 138.2011, 36.80437 ], [ 138.19985, 36.80529 ], [ 138.19832, 36.8064 ], [ 138.19711, 36.80732 ], [ 138.1959, 36.80824 ], [ 138.19491, 36.80897 ], [ 138.19246, 36.81079 ], [ 138.19172, 36.81133 ], [ 138.19137, 36.8116 ], [ 138.191, 36.81187 ], [ 138.19066, 36.81215 ], [ 138.19053, 36.81225 ], [ 138.19025, 36.81255 ], [ 138.18997, 36.81289 ], [ 138.18945, 36.81375 ], [ 138.18839, 36.81568 ], [ 138.18789, 36.81655 ], [ 138.18778, 36.81674 ], [ 138.18772, 36.81692 ], [ 138.18766, 36.81711 ], [ 138.18764, 36.81728 ], [ 138.18764, 36.81782 ], [ 138.18764, 36.82057 ], [ 138.18764, 36.82345 ], [ 138.18768, 36.82486 ], [ 138.18769, 36.82557 ], [ 138.18764, 36.82654 ], [ 138.18749, 36.82814 ], [ 138.18741, 36.82898 ], [ 138.18739, 36.82958 ], [ 138.18738, 36.82983 ], [ 138.18742, 36.83024 ], [ 138.18746, 36.83052 ], [ 138.18749, 36.83066 ], [ 138.18757, 36.83097 ], [ 138.18767, 36.83134 ], [ 138.18774, 36.8315 ], [ 138.18782, 36.83175 ], [ 138.18798, 36.8323 ], [ 138.18805, 36.83258 ], [ 138.18814, 36.83289 ], [ 138.18819, 36.8331 ], [ 138.18829, 36.83342 ], [ 138.18842, 36.8338 ], [ 138.18848, 36.83401 ], [ 138.18852, 36.83422 ], [ 138.18854, 36.83439 ], [ 138.18864, 36.83637 ], [ 138.18858, 36.8364 ], [ 138.18863, 36.83697 ], [ 138.18861, 36.838 ], [ 138.18857, 36.83857 ], [ 138.18831, 36.83967 ], [ 138.18777, 36.84166 ], [ 138.1877, 36.84205 ], [ 138.18768, 36.84255 ], [ 138.18769, 36.84273 ], [ 138.18775, 36.84291 ], [ 138.18786, 36.84317 ], [ 138.1882, 36.84368 ], [ 138.18853, 36.84407 ], [ 138.19021, 36.84572 ], [ 138.19076, 36.84635 ], [ 138.191, 36.84664 ], [ 138.19162, 36.84738 ], [ 138.19197, 36.84785 ], [ 138.19216, 36.84815 ], [ 138.19233, 36.84848 ], [ 138.19243, 36.84882 ], [ 138.19286, 36.85058 ], [ 138.1931, 36.85104 ], [ 138.19359, 36.85182 ], [ 138.19399, 36.85229 ], [ 138.1942, 36.85249 ], [ 138.19435, 36.85262 ], [ 138.19466, 36.8528 ], [ 138.19497, 36.85297 ], [ 138.19546, 36.85316 ], [ 138.19555, 36.85319 ], [ 138.19597, 36.85336 ], [ 138.19875, 36.85447 ], [ 138.19956, 36.85477 ], [ 138.2007, 36.85512 ], [ 138.20125, 36.85525 ], [ 138.20187, 36.85538 ], [ 138.20322, 36.85558 ], [ 138.20366, 36.85568 ], [ 138.20432, 36.85587 ], [ 138.20466, 36.85603 ], [ 138.20498, 36.85622 ], [ 138.20594, 36.857 ], [ 138.20649, 36.85744 ], [ 138.20682, 36.85773 ], [ 138.2071, 36.858 ], [ 138.20738, 36.85832 ], [ 138.20937, 36.86065 ], [ 138.20982, 36.8612 ], [ 138.21036, 36.86195 ], [ 138.21064, 36.86239 ], [ 138.21075, 36.86261 ], [ 138.21086, 36.86284 ], [ 138.21095, 36.86307 ], [ 138.21102, 36.8633 ], [ 138.21107, 36.86354 ], [ 138.21113, 36.86471 ], [ 138.21114, 36.86477 ], [ 138.21125, 36.86752 ], [ 138.21123, 36.8679 ], [ 138.21122, 36.86846 ], [ 138.21124, 36.86871 ], [ 138.21127, 36.86896 ], [ 138.21142, 36.8705 ], [ 138.21148, 36.87088 ], [ 138.21154, 36.87109 ], [ 138.21161, 36.87128 ], [ 138.21175, 36.87156 ], [ 138.212185, 36.872305 ], [ 138.21262, 36.87305 ], [ 138.2129, 36.8735 ], [ 138.21364, 36.87459 ], [ 138.21408, 36.87525 ], [ 138.2143, 36.87568 ], [ 138.21451, 36.8762 ], [ 138.21461, 36.87662 ], [ 138.21466, 36.877 ], [ 138.21467, 36.87737 ], [ 138.21464, 36.87754 ], [ 138.21454, 36.87791 ], [ 138.21445, 36.87817 ], [ 138.21419, 36.87866 ], [ 138.21386, 36.87915 ], [ 138.21351, 36.87954 ], [ 138.21334, 36.8797 ], [ 138.21315, 36.87986 ], [ 138.21304, 36.87994 ], [ 138.21122, 36.88122 ], [ 138.21088, 36.88149 ], [ 138.21071, 36.88168 ], [ 138.21059, 36.88182 ], [ 138.21046, 36.88203 ], [ 138.21037, 36.88218 ], [ 138.21018, 36.88263 ], [ 138.21009, 36.88288 ], [ 138.21003, 36.88315 ], [ 138.21, 36.88336 ], [ 138.20997, 36.88369 ], [ 138.20998, 36.8841 ], [ 138.21005, 36.8846 ], [ 138.2101, 36.88483 ], [ 138.21023, 36.88513 ], [ 138.21039, 36.88544 ], [ 138.21058, 36.88571 ], [ 138.21078, 36.88596 ], [ 138.21112, 36.8863 ], [ 138.21214, 36.88728 ], [ 138.21251, 36.88769 ], [ 138.2127, 36.88792 ], [ 138.21294, 36.88829 ], [ 138.21306, 36.88851 ], [ 138.21381, 36.89005 ], [ 138.21389, 36.89032 ], [ 138.21394, 36.89054 ], [ 138.21403, 36.8916 ], [ 138.21404, 36.89182 ], [ 138.21414, 36.89317 ], [ 138.21425, 36.8951 ], [ 138.21431, 36.8957 ], [ 138.21441, 36.89603 ], [ 138.21448, 36.89619 ], [ 138.21467, 36.89662 ], [ 138.21506, 36.89726 ], [ 138.21623, 36.89903 ], [ 138.21691, 36.90007 ], [ 138.21705, 36.9003 ], [ 138.21711, 36.9004 ], [ 138.21728, 36.90072 ], [ 138.2174, 36.90097 ], [ 138.21759, 36.90143 ], [ 138.21769, 36.90169 ], [ 138.21778, 36.90199 ], [ 138.21791, 36.90251 ], [ 138.21793, 36.90272 ], [ 138.21791, 36.90294 ], [ 138.21787, 36.90307 ], [ 138.21779, 36.90326 ], [ 138.21769, 36.9036 ], [ 138.21759, 36.90408 ], [ 138.21759, 36.90443 ], [ 138.21766, 36.9048 ], [ 138.21768, 36.9049 ], [ 138.2178, 36.90523 ], [ 138.21807, 36.90592 ], [ 138.21845, 36.90688 ], [ 138.21974, 36.91007 ], [ 138.21988, 36.91035 ], [ 138.22005, 36.91063 ], [ 138.22037, 36.91106 ], [ 138.22104, 36.91175 ], [ 138.22144, 36.91211 ], [ 138.22182, 36.91242 ], [ 138.2224, 36.91285 ], [ 138.22289, 36.91319 ], [ 138.22334, 36.91346 ], [ 138.22345, 36.91353 ], [ 138.22357, 36.91359 ], [ 138.22385, 36.91372 ], [ 138.22414, 36.91383 ], [ 138.22573, 36.91434 ], [ 138.22609, 36.91448 ], [ 138.22631, 36.9146 ], [ 138.22665, 36.91481 ], [ 138.22701, 36.91507 ], [ 138.22749, 36.91555 ], [ 138.22774, 36.91582 ], [ 138.22803, 36.91624 ], [ 138.22828, 36.91672 ], [ 138.22851, 36.91734 ], [ 138.22857, 36.91755 ], [ 138.2286, 36.91775 ], [ 138.22859, 36.91836 ], [ 138.22857, 36.91855 ], [ 138.22853, 36.91882 ], [ 138.22847, 36.91902 ], [ 138.22813, 36.91957 ], [ 138.22805, 36.91972 ], [ 138.22723, 36.92116 ], [ 138.22619, 36.92301 ], [ 138.22617, 36.92304 ], [ 138.22604, 36.9234 ], [ 138.22602, 36.92403 ], [ 138.22607, 36.92448 ], [ 138.22618, 36.92511 ], [ 138.22636, 36.92606 ], [ 138.2267, 36.92811 ], [ 138.22682, 36.92887 ], [ 138.227, 36.93008 ], [ 138.22702, 36.93053 ], [ 138.22701, 36.93073 ], [ 138.22686, 36.93198 ], [ 138.22678, 36.93251 ], [ 138.2267, 36.93304 ], [ 138.22654, 36.9338 ], [ 138.22636, 36.93463 ], [ 138.226319, 36.934966 ], [ 138.22627, 36.93538 ], [ 138.22626, 36.93553 ], [ 138.22623, 36.93595 ], [ 138.22625, 36.93612 ], [ 138.22629, 36.93632 ], [ 138.22636, 36.93654 ], [ 138.22675, 36.93739 ], [ 138.22727, 36.93849 ], [ 138.22798, 36.94014 ], [ 138.22826, 36.94079 ], [ 138.22848, 36.94139 ], [ 138.22851, 36.94154 ], [ 138.22856, 36.94187 ], [ 138.22857, 36.94195 ], [ 138.22862, 36.94309 ], [ 138.22862, 36.9432 ], [ 138.22862, 36.94346 ], [ 138.22862, 36.94421 ], [ 138.22862, 36.94523 ], [ 138.22862, 36.94579 ], [ 138.22862, 36.94666 ], [ 138.22862, 36.94759 ], [ 138.22862, 36.94832 ], [ 138.22862, 36.94899 ], [ 138.22862, 36.94986 ], [ 138.22872, 36.95058 ], [ 138.22887, 36.95122 ], [ 138.22898, 36.95154 ], [ 138.22934, 36.95229 ], [ 138.22981, 36.95336 ], [ 138.23074, 36.95535 ], [ 138.2318, 36.95755 ], [ 138.23191, 36.95777 ], [ 138.23202, 36.95802 ], [ 138.23226, 36.95864 ], [ 138.23241, 36.95907 ], [ 138.23251, 36.95967 ], [ 138.23257, 36.96035 ], [ 138.23257, 36.96078 ], [ 138.23254, 36.96162 ], [ 138.23235, 36.96341 ], [ 138.23227, 36.96424 ], [ 138.23222, 36.96465 ], [ 138.23219, 36.96489 ], [ 138.23206, 36.96599 ], [ 138.23192, 36.96732 ], [ 138.23181, 36.9684 ], [ 138.23176, 36.96879 ], [ 138.23171, 36.96928 ], [ 138.2317, 36.96937 ], [ 138.23158, 36.97009 ], [ 138.23155, 36.97023 ], [ 138.23138, 36.9706 ], [ 138.23113, 36.97111 ], [ 138.23074, 36.97178 ], [ 138.23052, 36.97219 ], [ 138.2304, 36.97248 ], [ 138.23034, 36.97273 ], [ 138.23031, 36.97298 ], [ 138.23031, 36.97333 ], [ 138.23032, 36.97362 ], [ 138.23036, 36.97392 ], [ 138.23043, 36.97414 ], [ 138.23056, 36.97447 ], [ 138.23085, 36.97524 ], [ 138.23101, 36.97576 ], [ 138.23111, 36.97624 ], [ 138.23114, 36.97651 ], [ 138.23114, 36.97676 ], [ 138.23108, 36.97726 ], [ 138.23094, 36.97808 ], [ 138.23093, 36.97813 ], [ 138.23086, 36.9786 ], [ 138.23078, 36.97909 ], [ 138.23075, 36.97953 ], [ 138.23074, 36.97991 ], [ 138.23076, 36.98026 ], [ 138.23079, 36.98055 ], [ 138.23081, 36.98073 ], [ 138.23096, 36.98141 ], [ 138.23114, 36.98242 ], [ 138.23133, 36.98359 ], [ 138.23173, 36.98568 ], [ 138.23191, 36.98664 ], [ 138.23198, 36.98702 ], [ 138.23206, 36.98717 ], [ 138.23233, 36.98755 ], [ 138.23276, 36.98807 ], [ 138.23288, 36.98817 ], [ 138.23314, 36.98841 ], [ 138.23365, 36.98875 ], [ 138.23443, 36.98925 ], [ 138.23495, 36.98961 ], [ 138.23555, 36.99 ], [ 138.23616, 36.9904 ], [ 138.23648, 36.99059 ], [ 138.23667, 36.99075 ], [ 138.23722, 36.99113 ], [ 138.23744, 36.99129 ], [ 138.23758, 36.99143 ], [ 138.23766, 36.99152 ], [ 138.23792, 36.99191 ], [ 138.23824, 36.99253 ], [ 138.23838, 36.9928 ], [ 138.23868, 36.99352 ], [ 138.23881, 36.99383 ], [ 138.23902, 36.99419 ], [ 138.23924, 36.99449 ], [ 138.23944, 36.99472 ], [ 138.23971, 36.99498 ], [ 138.24001, 36.99524 ], [ 138.24025, 36.99542 ], [ 138.24048, 36.99556 ], [ 138.24059, 36.99562 ], [ 138.24074, 36.99568 ], [ 138.24114, 36.99583 ], [ 138.24168, 36.99598 ], [ 138.24198, 36.99604 ], [ 138.24257, 36.99612 ], [ 138.24301, 36.99617 ], [ 138.2454, 36.99623 ], [ 138.24612, 36.99625 ], [ 138.24655, 36.9963 ], [ 138.24687, 36.99635 ], [ 138.24765, 36.9965 ], [ 138.24873, 36.99683 ], [ 138.25198, 36.99783 ], [ 138.25229, 36.99793 ], [ 138.25433, 36.99864 ], [ 138.25497, 36.99896 ], [ 138.25545, 36.99929 ], [ 138.25598, 36.99974 ], [ 138.2563, 37.00012 ], [ 138.25657, 37.00068 ], [ 138.25668, 37.00118 ], [ 138.25685, 37.00218 ], [ 138.25694, 37.00305 ], [ 138.25772, 37.0096 ], [ 138.258, 37.01202 ], [ 138.25836, 37.01511 ], [ 138.25838, 37.01546 ], [ 138.25836, 37.0157 ], [ 138.25832, 37.0164 ], [ 138.25828, 37.01665 ], [ 138.25822, 37.01694 ], [ 138.25806, 37.01747 ], [ 138.258, 37.0177 ], [ 138.25786, 37.01805 ], [ 138.25681, 37.02067 ], [ 138.25675, 37.02083 ], [ 138.25637, 37.0218 ], [ 138.25627, 37.0221 ], [ 138.25625, 37.02226 ], [ 138.25596, 37.02443 ], [ 138.25591, 37.02474 ], [ 138.25591, 37.02481 ], [ 138.25586, 37.02516 ], [ 138.25577, 37.02591 ], [ 138.25563, 37.026735 ], [ 138.25549, 37.02756 ], [ 138.25541, 37.028 ], [ 138.25539, 37.02837 ], [ 138.25539, 37.02877 ], [ 138.25546, 37.0294 ], [ 138.25555, 37.02982 ], [ 138.25702, 37.03473 ], [ 138.25723, 37.03544 ], [ 138.25851, 37.03966 ], [ 138.25861, 37.04001 ], [ 138.25876, 37.04081 ], [ 138.25881, 37.04115 ], [ 138.25881, 37.04152 ], [ 138.25882, 37.04212 ], [ 138.25882, 37.04251 ], [ 138.25879, 37.04306 ], [ 138.25871, 37.04358 ], [ 138.25869, 37.04368 ], [ 138.25861, 37.04454 ], [ 138.25775, 37.05256 ], [ 138.25771, 37.0529 ], [ 138.25767, 37.05324 ], [ 138.25729, 37.05684 ], [ 138.25699, 37.05961 ], [ 138.25649, 37.06422 ], [ 138.25627, 37.06612 ], [ 138.25621, 37.06631 ], [ 138.25617, 37.06644 ], [ 138.25598, 37.06694 ], [ 138.25588, 37.06718 ], [ 138.2558, 37.06736 ], [ 138.25423, 37.07097 ], [ 138.25217, 37.07568 ], [ 138.25182, 37.07649 ], [ 138.25151, 37.07719 ], [ 138.25136, 37.07755 ], [ 138.25093, 37.07854 ], [ 138.25077, 37.07892 ], [ 138.24983, 37.08108 ], [ 138.249545, 37.08174 ], [ 138.24926, 37.0824 ], [ 138.24747, 37.08637 ], [ 138.24707, 37.08731 ], [ 138.24696, 37.08768 ], [ 138.24686, 37.088 ], [ 138.24629, 37.0893 ], [ 138.24606, 37.08979 ], [ 138.24573, 37.09057 ], [ 138.24535, 37.09144 ], [ 138.2451, 37.09203 ], [ 138.24492, 37.09246 ], [ 138.24477, 37.09279 ], [ 138.24459, 37.09317 ], [ 138.24439, 37.09366 ], [ 138.24401, 37.09452 ], [ 138.24356, 37.09556 ], [ 138.24316, 37.09647 ], [ 138.243035, 37.096795 ], [ 138.24291, 37.09712 ], [ 138.24279, 37.09736 ], [ 138.24237, 37.09833 ], [ 138.24202, 37.09912 ], [ 138.24162, 37.10005 ], [ 138.24132, 37.10073 ], [ 138.24096, 37.10156 ], [ 138.24088, 37.10171 ], [ 138.24077, 37.10198 ], [ 138.24064, 37.10249 ], [ 138.24059, 37.10278 ], [ 138.24057, 37.10304 ], [ 138.24057, 37.10333 ], [ 138.24061, 37.1037 ], [ 138.24071, 37.10448 ], [ 138.24077, 37.10496 ], [ 138.24088, 37.10588 ], [ 138.24099, 37.10676 ], [ 138.2411, 37.10759 ], [ 138.2412, 37.10834 ], [ 138.24131, 37.10925 ], [ 138.24143, 37.11018 ], [ 138.24156, 37.11117 ], [ 138.24171, 37.11242 ], [ 138.24178, 37.11295 ], [ 138.24185, 37.11351 ], [ 138.241965, 37.11462 ], [ 138.24208, 37.11573 ], [ 138.24212, 37.11614 ], [ 138.24222, 37.11671 ], [ 138.24222, 37.11676 ], [ 138.2423, 37.1173 ], [ 138.24237, 37.11781 ], [ 138.24244, 37.1183 ], [ 138.2425, 37.11884 ], [ 138.24254, 37.11928 ], [ 138.24256, 37.1198 ], [ 138.24258, 37.12058 ], [ 138.24254, 37.12094 ], [ 138.24251, 37.12124 ], [ 138.24245, 37.12155 ], [ 138.24237, 37.12187 ], [ 138.24228, 37.12215 ], [ 138.24203, 37.12276 ], [ 138.24181, 37.12317 ], [ 138.24151, 37.12364 ], [ 138.24124, 37.124 ], [ 138.24106, 37.12419 ], [ 138.24044, 37.12484 ], [ 138.24011, 37.12517 ], [ 138.23967, 37.12562 ], [ 138.23899, 37.12635 ], [ 138.23823, 37.12715 ], [ 138.23759, 37.1278 ], [ 138.23708, 37.12839 ], [ 138.23681, 37.12877 ], [ 138.23657, 37.12915 ], [ 138.23628, 37.12974 ], [ 138.23609, 37.13031 ], [ 138.23597, 37.13083 ], [ 138.23587, 37.13136 ], [ 138.23577, 37.13212 ], [ 138.23573, 37.13316 ], [ 138.23572, 37.13342 ], [ 138.23567, 37.13457 ], [ 138.23563, 37.1354 ], [ 138.23558, 37.13663 ], [ 138.23551, 37.13787 ], [ 138.23548, 37.13848 ], [ 138.2354, 37.14029 ], [ 138.23538, 37.14072 ], [ 138.23535, 37.14129 ], [ 138.23528, 37.14292 ], [ 138.235186, 37.144431 ], [ 138.23517, 37.14483 ], [ 138.23515, 37.14572 ], [ 138.23512, 37.14631 ], [ 138.2351, 37.14708 ], [ 138.23509, 37.14728 ], [ 138.23505, 37.14798 ], [ 138.23501, 37.14868 ], [ 138.23492, 37.14937 ], [ 138.23484, 37.14989 ], [ 138.23472, 37.15055 ], [ 138.23465, 37.15082 ], [ 138.23455, 37.1512 ], [ 138.23449, 37.1514 ], [ 138.23441, 37.15159 ], [ 138.23412, 37.1525 ], [ 138.23394, 37.15305 ], [ 138.23386, 37.1533 ], [ 138.23371, 37.15379 ], [ 138.23347, 37.15453 ], [ 138.23324, 37.15523 ], [ 138.23302, 37.1559 ], [ 138.23264, 37.15711 ], [ 138.23237, 37.15789 ], [ 138.23212, 37.15869 ], [ 138.23177, 37.15975 ], [ 138.23153, 37.16042 ], [ 138.23145, 37.1607 ], [ 138.23138, 37.16108 ], [ 138.23133, 37.16142 ], [ 138.23131, 37.16164 ], [ 138.23131, 37.16212 ], [ 138.23132, 37.16248 ], [ 138.23137, 37.16295 ], [ 138.23158, 37.1635 ], [ 138.23181, 37.16393 ], [ 138.23222, 37.16439 ], [ 138.23269, 37.16488 ], [ 138.2332, 37.1653 ], [ 138.2335, 37.1655 ], [ 138.23399, 37.16581 ], [ 138.23436, 37.16604 ], [ 138.23573, 37.16671 ], [ 138.23676, 37.16722 ], [ 138.23733, 37.16755 ], [ 138.23787, 37.16783 ], [ 138.2392, 37.16854 ], [ 138.23944, 37.16867 ], [ 138.24087, 37.16945 ], [ 138.24128, 37.1697 ]
    ,
    [ 138.242233, 37.170258 ], [ 138.24128, 37.1697 ], [ 138.24087, 37.16945 ], [ 138.23944, 37.16867 ], [ 138.2392, 37.16854 ], [ 138.23787, 37.16783 ], [ 138.23733, 37.16755 ], [ 138.23676, 37.16722 ], [ 138.23573, 37.16671 ], [ 138.23436, 37.16604 ], [ 138.23314, 37.16544 ], [ 138.23196, 37.16487 ], [ 138.23082, 37.16432 ], [ 138.22954, 37.16369 ], [ 138.22897, 37.16341 ], [ 138.22842, 37.16314 ], [ 138.22611, 37.16202 ], [ 138.22433, 37.16114 ], [ 138.22279, 37.16042 ], [ 138.22205, 37.16015 ], [ 138.22106, 37.15984 ], [ 138.22045, 37.15969 ], [ 138.21956, 37.15948 ], [ 138.21899, 37.15938 ], [ 138.21834, 37.15931 ], [ 138.21745, 37.15928 ], [ 138.21606, 37.15927 ], [ 138.21566, 37.15927 ], [ 138.21451, 37.15929 ], [ 138.21329, 37.15932 ], [ 138.21215, 37.15934 ], [ 138.21102, 37.15938 ], [ 138.20946, 37.15941 ], [ 138.20783, 37.15946 ], [ 138.20612, 37.15951 ], [ 138.20498, 37.15953 ], [ 138.20432, 37.15955 ], [ 138.20367, 37.1596 ], [ 138.20312, 37.15964 ], [ 138.20251, 37.15973 ], [ 138.20138, 37.15988 ], [ 138.20076, 37.16001 ], [ 138.19972, 37.16026 ], [ 138.19865, 37.16058 ], [ 138.1976, 37.16089 ], [ 138.19655, 37.16118 ], [ 138.1955, 37.16148 ], [ 138.19446, 37.16177 ], [ 138.19432, 37.16181 ], [ 138.19341, 37.16206 ], [ 138.19236, 37.16237 ], [ 138.19132, 37.16266 ], [ 138.19027, 37.16296 ], [ 138.18922, 37.16327 ], [ 138.18816, 37.16358 ], [ 138.18735, 37.1638 ], [ 138.18702, 37.16388 ], [ 138.18682, 37.16393 ], [ 138.18643, 37.16406 ], [ 138.18619, 37.16412 ], [ 138.18584, 37.16419 ], [ 138.18506, 37.1643 ], [ 138.18436, 37.16437 ], [ 138.18375, 37.16438 ], [ 138.18321, 37.1644 ], [ 138.18263, 37.16436 ], [ 138.18234, 37.16433 ], [ 138.18168, 37.1642 ], [ 138.18099, 37.16405 ], [ 138.18032, 37.16391 ], [ 138.17907, 37.16361 ], [ 138.17783, 37.1633 ], [ 138.17659, 37.16302 ], [ 138.17535, 37.16274 ], [ 138.17497, 37.16266 ], [ 138.173915, 37.16239 ], [ 138.17286, 37.16212 ], [ 138.17142, 37.16177 ], [ 138.17006, 37.16149 ], [ 138.16953, 37.16139 ], [ 138.16913, 37.16134 ], [ 138.16854, 37.1613 ], [ 138.16788, 37.1613 ], [ 138.16704, 37.16135 ], [ 138.16606, 37.16139 ], [ 138.16463, 37.16143 ], [ 138.16321, 37.16149 ], [ 138.16256, 37.16149 ], [ 138.16149, 37.16148 ], [ 138.16073, 37.16141 ], [ 138.1603, 37.16133 ], [ 138.16006, 37.16125 ], [ 138.15966, 37.16106 ], [ 138.15924, 37.16084 ], [ 138.15893, 37.1607 ], [ 138.1584, 37.16048 ], [ 138.15832, 37.16045 ], [ 138.15798, 37.16035 ], [ 138.15742, 37.16019 ], [ 138.15679, 37.16002 ], [ 138.15617, 37.15989 ], [ 138.15555, 37.15978 ], [ 138.15495, 37.1597 ], [ 138.15458, 37.15967 ], [ 138.15405, 37.15967 ], [ 138.1534, 37.15968 ], [ 138.15278, 37.15975 ], [ 138.15182, 37.15991 ], [ 138.15073, 37.16017 ], [ 138.15024, 37.1603 ], [ 138.14978, 37.16046 ], [ 138.14933, 37.16061 ], [ 138.14915, 37.1607 ], [ 138.14889, 37.16083 ], [ 138.14873, 37.16096 ], [ 138.14798, 37.16155 ], [ 138.14795, 37.16157 ], [ 138.14769, 37.16177 ], [ 138.14723, 37.16212 ], [ 138.14688, 37.16234 ], [ 138.14665, 37.16249 ], [ 138.14655, 37.16253 ], [ 138.14589, 37.16281 ], [ 138.14557, 37.16293 ], [ 138.14551, 37.16295 ], [ 138.14544, 37.16297 ], [ 138.14506, 37.16309 ], [ 138.14468, 37.16318 ], [ 138.14444, 37.16322 ], [ 138.14371, 37.16329 ], [ 138.1435, 37.1633 ], [ 138.14233, 37.16329 ], [ 138.14133, 37.16333 ], [ 138.14106, 37.16333 ], [ 138.14081, 37.16334 ], [ 138.14013, 37.1634 ], [ 138.13907, 37.16352 ], [ 138.13881, 37.16354 ], [ 138.13811, 37.16352 ], [ 138.13746, 37.16346 ], [ 138.136665, 37.16332 ], [ 138.13587, 37.16318 ], [ 138.13451, 37.16296 ], [ 138.13412, 37.1629 ], [ 138.13405, 37.16289 ], [ 138.13333, 37.16276 ], [ 138.13272, 37.16267 ], [ 138.13231, 37.16261 ], [ 138.13119, 37.16242 ], [ 138.1294, 37.16212 ], [ 138.12835, 37.16194 ], [ 138.12683, 37.16167 ], [ 138.1257, 37.16147 ], [ 138.12453, 37.16128 ], [ 138.12319, 37.16106 ], [ 138.12253, 37.16094 ], [ 138.12187, 37.16083 ], [ 138.1158, 37.15978 ], [ 138.11216, 37.15919 ], [ 138.11102, 37.15901 ], [ 138.11032, 37.15889 ], [ 138.10826, 37.15856 ], [ 138.10448, 37.15792 ], [ 138.10323, 37.1577 ], [ 138.10281, 37.15763 ], [ 138.10098, 37.15733 ], [ 138.09877, 37.15694 ], [ 138.09702, 37.15661 ], [ 138.09579, 37.15641 ], [ 138.09451, 37.15619 ], [ 138.09429, 37.15614 ], [ 138.09364, 37.15603 ], [ 138.09279, 37.15585 ], [ 138.092668, 37.155816 ], [ 138.09232, 37.15572 ], [ 138.09182, 37.15558 ], [ 138.09158, 37.15551 ], [ 138.09118, 37.15538 ], [ 138.09108, 37.15535 ], [ 138.0908, 37.15524 ], [ 138.09007, 37.15493 ], [ 138.08956, 37.15465 ], [ 138.08858, 37.15414 ], [ 138.08781, 37.15366 ], [ 138.08707, 37.15314 ], [ 138.08621, 37.15243 ], [ 138.08584, 37.1521 ], [ 138.08542, 37.15171 ], [ 138.08497, 37.15126 ], [ 138.0843, 37.15057 ], [ 138.08293, 37.14924 ], [ 138.08281, 37.14912 ], [ 138.08168, 37.14801 ], [ 138.08083, 37.14717 ], [ 138.07944, 37.14579 ], [ 138.07802, 37.14442 ], [ 138.07761, 37.14405 ], [ 138.07639, 37.14285 ], [ 138.07571, 37.14219 ], [ 138.07557, 37.14206 ], [ 138.07437, 37.14087 ], [ 138.07421, 37.14072 ], [ 138.07305, 37.13959 ], [ 138.07155, 37.13812 ], [ 138.07077, 37.13732 ], [ 138.07037, 37.13693 ], [ 138.07007, 37.1366 ], [ 138.06988, 37.13645 ], [ 138.06875, 37.13533 ], [ 138.06847, 37.13508 ], [ 138.06715, 37.13378 ], [ 138.06498, 37.13164 ], [ 138.06152, 37.12826 ], [ 138.060575, 37.127325 ], [ 138.05963, 37.12639 ], [ 138.05769, 37.12452 ], [ 138.056, 37.12283 ], [ 138.05424, 37.1211 ], [ 138.05315, 37.12001 ], [ 138.05264, 37.11953 ], [ 138.05256, 37.11945 ], [ 138.05226, 37.11913 ], [ 138.05116, 37.11808 ], [ 138.04988, 37.11682 ], [ 138.048, 37.11498 ], [ 138.04627, 37.11327 ], [ 138.04547, 37.11252 ], [ 138.04501, 37.11209 ], [ 138.04447, 37.11157 ], [ 138.04356, 37.11092 ], [ 138.04339, 37.11083 ], [ 138.0429, 37.11049 ], [ 138.0422, 37.11007 ], [ 138.04182, 37.10985 ], [ 138.04086, 37.10936 ], [ 138.04011, 37.10906 ], [ 138.03978, 37.10894 ], [ 138.0387, 37.10856 ], [ 138.03769, 37.1083 ], [ 138.03705, 37.10816 ], [ 138.03617, 37.10794 ], [ 138.03488, 37.10761 ], [ 138.02985, 37.10637 ], [ 138.02557, 37.1053 ], [ 138.0211, 37.10417 ], [ 138.02048, 37.10403 ], [ 138.01892, 37.10366 ], [ 138.01759, 37.10335 ], [ 138.0158, 37.10292 ], [ 138.01495, 37.10272 ], [ 138.0088, 37.10122 ], [ 138.00623, 37.10057 ], [ 138.00436, 37.10008 ], [ 138.00233, 37.09955 ], [ 137.99919, 37.09875 ], [ 137.99689, 37.09816 ], [ 137.9964, 37.09806 ], [ 137.99558, 37.09786 ], [ 137.99479, 37.09768 ], [ 137.99366, 37.0974 ], [ 137.99258, 37.09713 ], [ 137.99166, 37.09692 ], [ 137.99133, 37.09683 ], [ 137.99095, 37.09673 ], [ 137.99062, 37.09665 ], [ 137.99028, 37.09657 ], [ 137.9896, 37.09638 ], [ 137.98903, 37.09621 ], [ 137.98855, 37.09606 ], [ 137.988402, 37.096008 ], [ 137.98795, 37.09585 ], [ 137.98723, 37.09556 ], [ 137.9859, 37.09498 ], [ 137.98399, 37.09415 ], [ 137.98388, 37.09409 ], [ 137.98309, 37.0937 ], [ 137.98251, 37.09344 ], [ 137.98159, 37.09303 ], [ 137.98108, 37.09279 ], [ 137.98011, 37.09237 ], [ 137.97957, 37.09213 ], [ 137.97862, 37.0917 ], [ 137.97823, 37.09153 ], [ 137.9771, 37.09104 ], [ 137.97551, 37.09032 ], [ 137.97468, 37.08994 ], [ 137.9736, 37.08944 ], [ 137.97213, 37.0888 ], [ 137.97003, 37.08792 ], [ 137.96848, 37.08725 ], [ 137.96838, 37.08721 ], [ 137.96812, 37.08708 ], [ 137.96737, 37.08675 ], [ 137.96682, 37.08651 ], [ 137.96655, 37.08636 ], [ 137.96551, 37.08588 ], [ 137.96357, 37.08501 ], [ 137.95712, 37.08215 ], [ 137.957, 37.0821 ], [ 137.95022, 37.0791 ], [ 137.94728, 37.07777 ], [ 137.94429, 37.07643 ], [ 137.94061, 37.07477 ], [ 137.94035, 37.07464 ], [ 137.94014, 37.07448 ], [ 137.93989, 37.07423 ], [ 137.939804, 37.074156 ], [ 137.93945, 37.07385 ], [ 137.93931, 37.07373 ], [ 137.93891, 37.07345 ], [ 137.93802, 37.07296 ], [ 137.93785, 37.07287 ], [ 137.93734, 37.07262 ], [ 137.93691, 37.07243 ], [ 137.93488, 37.07154 ], [ 137.93352, 37.07093 ], [ 137.93275, 37.07058 ], [ 137.93159, 37.07006 ], [ 137.93076, 37.06967 ], [ 137.92961, 37.06913 ], [ 137.92936, 37.06903 ], [ 137.92917, 37.06894 ], [ 137.92899, 37.06886 ], [ 137.92874, 37.06874 ], [ 137.9275, 37.06816 ], [ 137.92709, 37.06796 ], [ 137.92516, 37.06684 ], [ 137.92304, 37.06561 ], [ 137.92281, 37.06548 ], [ 137.92135, 37.06463 ], [ 137.91972, 37.0637 ], [ 137.91729, 37.06228 ], [ 137.9164, 37.06176 ], [ 137.91614, 37.0616 ], [ 137.91583, 37.06137 ], [ 137.91566, 37.06122 ], [ 137.91542, 37.06103 ], [ 137.91513, 37.06075 ], [ 137.914813, 37.060383 ], [ 137.914552, 37.060048 ], [ 137.914039, 37.059444 ], [ 137.913602, 37.058981 ], [ 137.912524, 37.058075 ], [ 137.912127, 37.057782 ], [ 137.911614, 37.05748 ], [ 137.91093, 37.05717 ], [ 137.91052, 37.05703 ], [ 137.91022, 37.05695 ], [ 137.90988, 37.05688 ], [ 137.90943, 37.05683 ], [ 137.90866, 37.05678 ], [ 137.90833, 37.05677 ], [ 137.90752, 37.05671 ], [ 137.90706, 37.05669 ], [ 137.90588, 37.05663 ], [ 137.905775, 37.056617 ], [ 137.9053, 37.05656 ], [ 137.9045, 37.05644 ], [ 137.9041, 37.05634 ], [ 137.90349, 37.05615 ], [ 137.90301, 37.05596 ], [ 137.90277, 37.05586 ], [ 137.90219, 37.05558 ], [ 137.89834, 37.05382 ], [ 137.89788, 37.05364 ], [ 137.89446, 37.0527 ], [ 137.89329, 37.05237 ], [ 137.89084, 37.05168 ], [ 137.8859, 37.05033 ], [ 137.8854, 37.05019 ], [ 137.88453, 37.04995 ], [ 137.87878, 37.04835 ], [ 137.87469, 37.0472 ], [ 137.87405, 37.04701 ], [ 137.8719, 37.0464 ], [ 137.87018, 37.04591 ], [ 137.8699, 37.04583 ], [ 137.86986, 37.04582 ], [ 137.86893, 37.04557 ], [ 137.86699, 37.04504 ], [ 137.86447, 37.04434 ], [ 137.86425, 37.04427 ], [ 137.86409, 37.04423 ], [ 137.86258, 37.043805 ]
] } }
]
}
